index,company,url_overview,url_review,url_interview,url_benefits
0,Capital One,"/Overview/Working-at-Capital-One-EI_IE3736.11,22.htm",/Reviews/Capital-One-Reviews-E3736.htm,/Interview/Capital-One-Interview-Questions-E3736.htm,"/Benefits/Capital-One-US-Benefits-EI_IE3736.0,11_IL.12,14_IN1.htm"
1,RBC,"/Overview/Working-at-RBC-EI_IE3358.11,14.htm",/Reviews/RBC-Reviews-E3358.htm,/Interview/RBC-Interview-Questions-E3358.htm,"/Benefits/RBC-US-Benefits-EI_IE3358.0,3_IL.4,6_IN1.htm"
2,Scotiabank,"/Overview/Working-at-Scotiabank-EI_IE11013.11,21.htm",/Reviews/Scotiabank-Reviews-E11013.htm,/Interview/Scotiabank-Interview-Questions-E11013.htm,"/Benefits/Scotiabank-US-Benefits-EI_IE11013.0,10_IL.11,13_IN1.htm"
3,TD,"/Overview/Working-at-TD-EI_IE3767.11,13.htm",/Reviews/TD-Reviews-E3767.htm,/Interview/TD-Interview-Questions-E3767.htm,"/Benefits/TD-US-Benefits-EI_IE3767.0,2_IL.3,5_IN1.htm"
4,Banque Nationale du Canada/National Bank of Canada,"/Overview/Working-at-Banque-Nationale-du-Canada-National-Bank-of-Canada-EI_IE8010.11,61.htm",/Reviews/Banque-Nationale-du-Canada-National-Bank-of-Canada-Reviews-E8010.htm,/Interview/Banque-Nationale-du-Canada-National-Bank-of-Canada-Interview-Questions-E8010.htm,"/Benefits/Banque-Nationale-du-Canada-National-Bank-of-Canada-US-Benefits-EI_IE8010.0,50_IL.51,53_IN1.htm"
5,Loblaw Companies,"/Overview/Working-at-Loblaw-Companies-EI_IE4141.11,27.htm",/Reviews/Loblaw-Companies-Reviews-E4141.htm,/Interview/Loblaw-Companies-Interview-Questions-E4141.htm,"/Benefits/Loblaw-Companies-US-Benefits-EI_IE4141.0,16_IL.17,19_IN1.htm"
6,Shopify,"/Overview/Working-at-Shopify-EI_IE675933.11,18.htm",/Reviews/Shopify-Reviews-E675933.htm,/Interview/Shopify-Interview-Questions-E675933.htm,"/Benefits/Shopify-US-Benefits-EI_IE675933.0,7_IL.8,10_IN1.htm"
7,Bell Canada,"/Overview/Working-at-Bell-Canada-EI_IE118159.11,22.htm",/Reviews/Bell-Canada-Reviews-E118159.htm,/Interview/Bell-Canada-Interview-Questions-E118159.htm,"/Benefits/Bell-Canada-US-Benefits-EI_IE118159.0,11_IL.12,14_IN1.htm"
9,IBM,"/Overview/Working-at-IBM-EI_IE354.11,14.htm",/Reviews/IBM-Reviews-E354.htm,/Interview/IBM-Interview-Questions-E354.htm,"/Benefits/IBM-US-Benefits-EI_IE354.0,3_IL.4,6_IN1.htm"
10,Rogers Communications,"/Overview/Working-at-Rogers-Communications-EI_IE3783.11,32.htm",/Reviews/Rogers-Communications-Reviews-E3783.htm,/Interview/Rogers-Communications-Interview-Questions-E3783.htm,"/Benefits/Rogers-Communications-US-Benefits-EI_IE3783.0,21_IL.22,24_IN1.htm"
11,Deloitte,"/Overview/Working-at-Deloitte-EI_IE2763.11,19.htm",/Reviews/Deloitte-Reviews-E2763.htm,/Interview/Deloitte-Interview-Questions-E2763.htm,"/Benefits/Deloitte-US-Benefits-EI_IE2763.0,8_IL.9,11_IN1.htm"
12,Boeing,"/Overview/Working-at-Boeing-EI_IE102.11,17.htm",/Reviews/Boeing-Reviews-E102.htm,/Interview/Boeing-Interview-Questions-E102.htm,"/Benefits/Boeing-US-Benefits-EI_IE102.0,6_IL.7,9_IN1.htm"
13,Intact,"/Overview/Working-at-Intact-EI_IE329903.11,17.htm",/Reviews/Intact-Reviews-E329903.htm,/Interview/Intact-Interview-Questions-E329903.htm,"/Benefits/Intact-US-Benefits-EI_IE329903.0,6_IL.7,9_IN1.htm"
14,Stradigi AI,"/Overview/Working-at-Stradigi-AI-EI_IE1100639.11,22.htm",/Reviews/Stradigi-AI-Reviews-E1100639.htm,/Interview/Stradigi-AI-Interview-Questions-E1100639.htm,"/Benefits/Stradigi-AI-US-Benefits-EI_IE1100639.0,11_IL.12,14_IN1.htm"
16,HSBC Holdings,"/Overview/Working-at-HSBC-Holdings-EI_IE3482.11,24.htm",/Reviews/HSBC-Holdings-Reviews-E3482.htm,/Interview/HSBC-Holdings-Interview-Questions-E3482.htm,"/Benefits/HSBC-Holdings-US-Benefits-EI_IE3482.0,13_IL.14,16_IN1.htm"
18,ATB Financial,"/Overview/Working-at-ATB-Financial-EI_IE331202.11,24.htm",/Reviews/ATB-Financial-Reviews-E331202.htm,/Interview/ATB-Financial-Interview-Questions-E331202.htm,"/Benefits/ATB-Financial-US-Benefits-EI_IE331202.0,13_IL.14,16_IN1.htm"
19,AeroInfo Systems,"/Overview/Working-at-AeroInfo-Systems-EI_IE40049.11,27.htm",/Reviews/AeroInfo-Systems-Reviews-E40049.htm,/Interview/AeroInfo-Systems-Interview-Questions-E40049.htm,"/Benefits/AeroInfo-Systems-US-Benefits-EI_IE40049.0,16_IL.17,19_IN1.htm"
20,CIBC,"/Overview/Working-at-CIBC-EI_IE3115.11,15.htm",/Reviews/CIBC-Reviews-E3115.htm,/Interview/CIBC-Interview-Questions-E3115.htm,"/Benefits/CIBC-US-Benefits-EI_IE3115.0,4_IL.5,7_IN1.htm"
21,University of British Columbia,"/Overview/Working-at-University-of-British-Columbia-EI_IE151190.11,41.htm",/Reviews/University-of-British-Columbia-Reviews-E151190.htm,/Interview/University-of-British-Columbia-Interview-Questions-E151190.htm,"/Benefits/University-of-British-Columbia-US-Benefits-EI_IE151190.0,30_IL.31,33_IN1.htm"
23,Ericsson-Worldwide,"/Overview/Working-at-Ericsson-Worldwide-EI_IE3472.11,29.htm",/Reviews/Ericsson-Worldwide-Reviews-E3472.htm,/Interview/Ericsson-Worldwide-Interview-Questions-E3472.htm,"/Benefits/Ericsson-Worldwide-US-Benefits-EI_IE3472.0,18_IL.19,21_IN1.htm"
24,LoyaltyOne,"/Overview/Working-at-LoyaltyOne-EI_IE30540.11,21.htm",/Reviews/LoyaltyOne-Reviews-E30540.htm,/Interview/LoyaltyOne-Interview-Questions-E30540.htm,"/Benefits/LoyaltyOne-US-Benefits-EI_IE30540.0,10_IL.11,13_IN1.htm"
25,Aviva Canada,"/Overview/Working-at-Aviva-Canada-EI_IE137164.11,23.htm",/Reviews/Aviva-Canada-Reviews-E137164.htm,/Interview/Aviva-Canada-Interview-Questions-E137164.htm,"/Benefits/Aviva-Canada-US-Benefits-EI_IE137164.0,12_IL.13,15_IN1.htm"
26,Thomson Reuters,"/Overview/Working-at-Thomson-Reuters-EI_IE100303.11,26.htm",/Reviews/Thomson-Reuters-Reviews-E100303.htm,/Interview/Thomson-Reuters-Interview-Questions-E100303.htm,"/Benefits/Thomson-Reuters-US-Benefits-EI_IE100303.0,15_IL.16,18_IN1.htm"
27,Boston Consulting Group,"/Overview/Working-at-Boston-Consulting-Group-EI_IE3879.11,34.htm",/Reviews/Boston-Consulting-Group-Reviews-E3879.htm,/Interview/Boston-Consulting-Group-Interview-Questions-E3879.htm,"/Benefits/Boston-Consulting-Group-US-Benefits-EI_IE3879.0,23_IL.24,26_IN1.htm"
28,Geotab,"/Overview/Working-at-Geotab-EI_IE922727.11,17.htm",/Reviews/Geotab-Reviews-E922727.htm,/Interview/Geotab-Interview-Questions-E922727.htm,"/Benefits/Geotab-US-Benefits-EI_IE922727.0,6_IL.7,9_IN1.htm"
29,Precima,"/Overview/Working-at-Precima-EI_IE1140584.11,18.htm",/Reviews/Precima-Reviews-E1140584.htm,/Interview/Precima-Interview-Questions-E1140584.htm,"/Benefits/Precima-US-Benefits-EI_IE1140584.0,7_IL.8,10_IN1.htm"
34,TELUS,"/Overview/Working-at-TELUS-EI_IE8006.11,16.htm",/Reviews/TELUS-Reviews-E8006.htm,/Interview/TELUS-Interview-Questions-E8006.htm,"/Benefits/TELUS-US-Benefits-EI_IE8006.0,5_IL.6,8_IN1.htm"
37,KPMG,"/Overview/Working-at-KPMG-EI_IE2867.11,15.htm",/Reviews/KPMG-Reviews-E2867.htm,/Interview/KPMG-Interview-Questions-E2867.htm,"/Benefits/KPMG-US-Benefits-EI_IE2867.0,4_IL.5,7_IN1.htm"
38,Manulife,"/Overview/Working-at-Manulife-EI_IE9373.11,19.htm",/Reviews/Manulife-Reviews-E9373.htm,/Interview/Manulife-Interview-Questions-E9373.htm,"/Benefits/Manulife-US-Benefits-EI_IE9373.0,8_IL.9,11_IN1.htm"
39,Bombardier,"/Overview/Working-at-Bombardier-EI_IE242883.11,21.htm",/Reviews/Bombardier-Reviews-E242883.htm,/Interview/Bombardier-Interview-Questions-E242883.htm,"/Benefits/Bombardier-US-Benefits-EI_IE242883.0,10_IL.11,13_IN1.htm"
40,Canada Post,"/Overview/Working-at-Canada-Post-EI_IE8747.11,22.htm",/Reviews/Canada-Post-Reviews-E8747.htm,/Interview/Canada-Post-Interview-Questions-E8747.htm,"/Benefits/Canada-Post-US-Benefits-EI_IE8747.0,11_IL.12,14_IN1.htm"
41,Electronic Arts,"/Overview/Working-at-Electronic-Arts-EI_IE1628.11,26.htm",/Reviews/Electronic-Arts-Reviews-E1628.htm,/Interview/Electronic-Arts-Interview-Questions-E1628.htm,"/Benefits/Electronic-Arts-US-Benefits-EI_IE1628.0,15_IL.16,18_IN1.htm"
42,Ubisoft,"/Overview/Working-at-Ubisoft-EI_IE12717.11,18.htm",/Reviews/Ubisoft-Reviews-E12717.htm,/Interview/Ubisoft-Interview-Questions-E12717.htm,"/Benefits/Ubisoft-US-Benefits-EI_IE12717.0,7_IL.8,10_IN1.htm"
43,CN,"/Overview/Working-at-CN-EI_IE4455.11,13.htm",/Reviews/CN-Reviews-E4455.htm,/Interview/CN-Interview-Questions-E4455.htm,"/Benefits/CN-US-Benefits-EI_IE4455.0,2_IL.3,5_IN1.htm"
45,Morgan Stanley,"/Overview/Working-at-Morgan-Stanley-EI_IE2282.11,25.htm",/Reviews/Morgan-Stanley-Reviews-E2282.htm,/Interview/Morgan-Stanley-Interview-Questions-E2282.htm,"/Benefits/Morgan-Stanley-US-Benefits-EI_IE2282.0,14_IL.15,17_IN1.htm"
46,Teck Resources,"/Overview/Working-at-Teck-Resources-EI_IE8001.11,25.htm",/Reviews/Teck-Resources-Reviews-E8001.htm,/Interview/Teck-Resources-Interview-Questions-E8001.htm,"/Benefits/Teck-Resources-US-Benefits-EI_IE8001.0,14_IL.15,17_IN1.htm"
47,Statistics Canada,"/Overview/Working-at-Statistics-Canada-EI_IE148502.11,28.htm",/Reviews/Statistics-Canada-Reviews-E148502.htm,/Interview/Statistics-Canada-Interview-Questions-E148502.htm,"/Benefits/Statistics-Canada-US-Benefits-EI_IE148502.0,17_IL.18,20_IN1.htm"
49,Moneris,"/Overview/Working-at-Moneris-EI_IE16506.11,18.htm",/Reviews/Moneris-Reviews-E16506.htm,/Interview/Moneris-Interview-Questions-E16506.htm,"/Benefits/Moneris-US-Benefits-EI_IE16506.0,7_IL.8,10_IN1.htm"
50,Flipp,"/Overview/Working-at-Flipp-EI_IE970799.11,16.htm",/Reviews/Flipp-Reviews-E970799.htm,/Interview/Flipp-Interview-Questions-E970799.htm,"/Benefits/Flipp-US-Benefits-EI_IE970799.0,5_IL.6,8_IN1.htm"
51,Aimia,"/Overview/Working-at-Aimia-EI_IE461967.11,16.htm",/Reviews/Aimia-Reviews-E461967.htm,/Interview/Aimia-Interview-Questions-E461967.htm,"/Benefits/Aimia-US-Benefits-EI_IE461967.0,5_IL.6,8_IN1.htm"
52,ecobee,"/Overview/Working-at-ecobee-EI_IE773542.11,17.htm",/Reviews/ecobee-Reviews-E773542.htm,/Interview/ecobee-Interview-Questions-E773542.htm,"/Benefits/ecobee-US-Benefits-EI_IE773542.0,6_IL.7,9_IN1.htm"
53,IQVIA,"/Overview/Working-at-IQVIA-EI_IE8347.11,16.htm",/Reviews/IQVIA-Reviews-E8347.htm,/Interview/IQVIA-Interview-Questions-E8347.htm,"/Benefits/IQVIA-US-Benefits-EI_IE8347.0,5_IL.6,8_IN1.htm"
54,Realtor.com,"/Overview/Working-at-Realtor-com-EI_IE9380.11,22.htm",/Reviews/Realtor-com-Reviews-E9380.htm,/Interview/Realtor-com-Interview-Questions-E9380.htm,"/Benefits/Realtor-com-US-Benefits-EI_IE9380.0,11_IL.12,14_IN1.htm"
55,Equifax,"/Overview/Working-at-Equifax-EI_IE232.11,18.htm",/Reviews/Equifax-Reviews-E232.htm,/Interview/Equifax-Interview-Questions-E232.htm,"/Benefits/Equifax-US-Benefits-EI_IE232.0,7_IL.8,10_IN1.htm"
56,Pelmorex Corp,"/Overview/Working-at-Pelmorex-Corp-EI_IE471109.11,24.htm",/Reviews/Pelmorex-Corp-Reviews-E471109.htm,/Interview/Pelmorex-Corp-Interview-Questions-E471109.htm,"/Benefits/Pelmorex-Corp-US-Benefits-EI_IE471109.0,13_IL.14,16_IN1.htm"
57,Hothead Games,"/Overview/Working-at-Hothead-Games-EI_IE826642.11,24.htm",/Reviews/Hothead-Games-Reviews-E826642.htm,/Interview/Hothead-Games-Interview-Questions-E826642.htm,"/Benefits/Hothead-Games-US-Benefits-EI_IE826642.0,13_IL.14,16_IN1.htm"
58,Sysomos,"/Overview/Working-at-Sysomos-EI_IE663336.11,18.htm",/Reviews/Sysomos-Reviews-E663336.htm,/Interview/Sysomos-Interview-Questions-E663336.htm,"/Benefits/Sysomos-US-Benefits-EI_IE663336.0,7_IL.8,10_IN1.htm"
59,Enel X,"/Overview/Working-at-Enel-X-EI_IE42516.11,17.htm",/Reviews/Enel-X-Reviews-E42516.htm,/Interview/Enel-X-Interview-Questions-E42516.htm,"/Benefits/Enel-X-US-Benefits-EI_IE42516.0,6_IL.7,9_IN1.htm"
60,Two Hat Security,"/Overview/Working-at-Two-Hat-Security-EI_IE1327313.11,27.htm",/Reviews/Two-Hat-Security-Reviews-E1327313.htm,/Interview/Two-Hat-Security-Interview-Questions-E1327313.htm,"/Benefits/Two-Hat-Security-US-Benefits-EI_IE1327313.0,16_IL.17,19_IN1.htm"
61,NuData Security,"/Overview/Working-at-NuData-Security-EI_IE1360773.11,26.htm",/Reviews/NuData-Security-Reviews-E1360773.htm,/Interview/NuData-Security-Interview-Questions-E1360773.htm,"/Benefits/NuData-Security-US-Benefits-EI_IE1360773.0,15_IL.16,18_IN1.htm"
62,POWERSHiFTER,"/Overview/Working-at-POWERSHiFTER-EI_IE1320131.11,23.htm",/Reviews/POWERSHiFTER-Reviews-E1320131.htm,/Interview/POWERSHiFTER-Interview-Questions-E1320131.htm,"/Benefits/POWERSHiFTER-US-Benefits-EI_IE1320131.0,12_IL.13,15_IN1.htm"
63,Efficiency One,"/Overview/Working-at-Efficiency-One-EI_IE3401865.11,25.htm",/Reviews/Efficiency-One-Reviews-E3401865.htm,,
64,Knowtions,"/Overview/Working-at-Knowtions-EI_IE1506662.11,20.htm",/Reviews/Knowtions-Reviews-E1506662.htm,/Interview/Knowtions-Interview-Questions-E1506662.htm,"/Benefits/Knowtions-US-Benefits-EI_IE1506662.0,9_IL.10,12_IN1.htm"
71,University of Toronto,"/Overview/Working-at-University-of-Toronto-EI_IE31043.11,32.htm",/Reviews/University-of-Toronto-Reviews-E31043.htm,/Interview/University-of-Toronto-Interview-Questions-E31043.htm,"/Benefits/University-of-Toronto-US-Benefits-EI_IE31043.0,21_IL.22,24_IN1.htm"
72,Walmart,"/Overview/Working-at-Walmart-EI_IE715.11,18.htm",/Reviews/Walmart-Reviews-E715.htm,/Interview/Walmart-Interview-Questions-E715.htm,"/Benefits/Walmart-US-Benefits-EI_IE715.0,7_IL.8,10_IN1.htm"
73,BMO Financial Group,"/Overview/Working-at-BMO-Financial-Group-EI_IE3765.11,30.htm",/Reviews/BMO-Financial-Group-Reviews-E3765.htm,/Interview/BMO-Financial-Group-Interview-Questions-E3765.htm,"/Benefits/BMO-Financial-Group-US-Benefits-EI_IE3765.0,19_IL.20,22_IN1.htm"
78,BlackBerry,"/Overview/Working-at-BlackBerry-EI_IE9091.11,21.htm",/Reviews/BlackBerry-Reviews-E9091.htm,/Interview/BlackBerry-Interview-Questions-E9091.htm,"/Benefits/BlackBerry-US-Benefits-EI_IE9091.0,10_IL.11,13_IN1.htm"
80,University of Waterloo,"/Overview/Working-at-University-of-Waterloo-EI_IE141839.11,33.htm",/Reviews/University-of-Waterloo-Reviews-E141839.htm,/Interview/University-of-Waterloo-Interview-Questions-E141839.htm,"/Benefits/University-of-Waterloo-US-Benefits-EI_IE141839.0,22_IL.23,25_IN1.htm"
81,CGI,"/Overview/Working-at-CGI-EI_IE8452.11,14.htm",/Reviews/CGI-Reviews-E8452.htm,/Interview/CGI-Interview-Questions-E8452.htm,"/Benefits/CGI-US-Benefits-EI_IE8452.0,3_IL.4,6_IN1.htm"
82,Canadian Tire,"/Overview/Working-at-Canadian-Tire-EI_IE7045.11,24.htm",/Reviews/Canadian-Tire-Reviews-E7045.htm,/Interview/Canadian-Tire-Interview-Questions-E7045.htm,"/Benefits/Canadian-Tire-US-Benefits-EI_IE7045.0,13_IL.14,16_IN1.htm"
83,McMaster University,"/Overview/Working-at-McMaster-University-EI_IE34287.11,30.htm",/Reviews/McMaster-University-Reviews-E34287.htm,/Interview/McMaster-University-Interview-Questions-E34287.htm,"/Benefits/McMaster-University-US-Benefits-EI_IE34287.0,19_IL.20,22_IN1.htm"
85,BC Hydro,"/Overview/Working-at-BC-Hydro-EI_IE34974.11,19.htm",/Reviews/BC-Hydro-Reviews-E34974.htm,/Interview/BC-Hydro-Interview-Questions-E34974.htm,"/Benefits/BC-Hydro-US-Benefits-EI_IE34974.0,8_IL.9,11_IN1.htm"
86,Accenture,"/Overview/Working-at-Accenture-EI_IE4138.11,20.htm",/Reviews/Accenture-Reviews-E4138.htm,/Interview/Accenture-Interview-Questions-E4138.htm,"/Benefits/Accenture-US-Benefits-EI_IE4138.0,9_IL.10,12_IN1.htm"
87,McGill University,"/Overview/Working-at-McGill-University-EI_IE34277.11,28.htm",/Reviews/McGill-University-Reviews-E34277.htm,/Interview/McGill-University-Interview-Questions-E34277.htm,"/Benefits/McGill-University-US-Benefits-EI_IE34277.0,17_IL.18,20_IN1.htm"
88,SAP,/sap,/Reviews/SAP-Reviews-E10471.htm,/Interview/SAP-Interview-Questions-E10471.htm,"/Benefits/SAP-US-Benefits-EI_IE10471.0,3_IL.4,6_IN1.htm"
90,Ryerson University,"/Overview/Working-at-Ryerson-University-EI_IE298489.11,29.htm",/Reviews/Ryerson-University-Reviews-E298489.htm,/Interview/Ryerson-University-Interview-Questions-E298489.htm,"/Benefits/Ryerson-University-US-Benefits-EI_IE298489.0,18_IL.19,21_IN1.htm"
91,University of Calgary,"/Overview/Working-at-University-of-Calgary-EI_IE30376.11,32.htm",/Reviews/University-of-Calgary-Reviews-E30376.htm,/Interview/University-of-Calgary-Interview-Questions-E30376.htm,"/Benefits/University-of-Calgary-US-Benefits-EI_IE30376.0,21_IL.22,24_IN1.htm"
92,Sun Life,"/Overview/Working-at-Sun-Life-EI_IE11568.11,19.htm",/Reviews/Sun-Life-Reviews-E11568.htm,/Interview/Sun-Life-Interview-Questions-E11568.htm,"/Benefits/Sun-Life-US-Benefits-EI_IE11568.0,8_IL.9,11_IN1.htm"
93,Government of Canada,"/Overview/Working-at-Government-of-Canada-EI_IE156734.11,31.htm",/Reviews/Government-of-Canada-Reviews-E156734.htm,/Interview/Government-of-Canada-Interview-Questions-E156734.htm,"/Benefits/Government-of-Canada-US-Benefits-EI_IE156734.0,20_IL.21,23_IN1.htm"
97,Carleton University,"/Overview/Working-at-Carleton-University-EI_IE195519.11,30.htm",/Reviews/Carleton-University-Reviews-E195519.htm,/Interview/Carleton-University-Interview-Questions-E195519.htm,"/Benefits/Carleton-University-US-Benefits-EI_IE195519.0,19_IL.20,22_IN1.htm"
101,Microsoft,"/Overview/Working-at-Microsoft-EI_IE1651.11,20.htm",/Reviews/Microsoft-Reviews-E1651.htm,/Interview/Microsoft-Interview-Questions-E1651.htm,"/Benefits/Microsoft-US-Benefits-EI_IE1651.0,9_IL.10,12_IN1.htm"
103,GoodLife Fitness,"/Overview/Working-at-GoodLife-Fitness-EI_IE216278.11,27.htm",/Reviews/GoodLife-Fitness-Reviews-E216278.htm,/Interview/GoodLife-Fitness-Interview-Questions-E216278.htm,"/Benefits/GoodLife-Fitness-US-Benefits-EI_IE216278.0,16_IL.17,19_IN1.htm"
104,MNP LLP,"/Overview/Working-at-MNP-LLP-EI_IE112544.11,18.htm",/Reviews/MNP-LLP-Reviews-E112544.htm,/Interview/MNP-LLP-Interview-Questions-E112544.htm,"/Benefits/MNP-LLP-US-Benefits-EI_IE112544.0,7_IL.8,10_IN1.htm"
105,Concordia University,"/Overview/Working-at-Concordia-University-EI_IE253618.11,31.htm",/Reviews/Concordia-University-Reviews-E253618.htm,/Interview/Concordia-University-Interview-Questions-E253618.htm,"/Benefits/Concordia-University-US-Benefits-EI_IE253618.0,20_IL.21,23_IN1.htm"
106,Cisco Systems,"/Overview/Working-at-Cisco-Systems-EI_IE1425.11,24.htm",/Reviews/Cisco-Systems-Reviews-E1425.htm,/Interview/Cisco-Systems-Interview-Questions-E1425.htm,"/Benefits/Cisco-Systems-US-Benefits-EI_IE1425.0,13_IL.14,16_IN1.htm"
111,Pratt & Whitney Canada,"/Overview/Working-at-Pratt-and-Whitney-Canada-EI_IE27071.11,35.htm",/Reviews/Pratt-and-Whitney-Canada-Reviews-E27071.htm,/Interview/Pratt-and-Whitney-Canada-Interview-Questions-E27071.htm,"/Benefits/Pratt-and-Whitney-Canada-US-Benefits-EI_IE27071.0,24_IL.25,27_IN1.htm"
112,CBC/Radio-Canada,"/Overview/Working-at-CBC-Radio-Canada-EI_IE9051.11,27.htm",/Reviews/CBC-Radio-Canada-Reviews-E9051.htm,/Interview/CBC-Radio-Canada-Interview-Questions-E9051.htm,"/Benefits/CBC-Radio-Canada-US-Benefits-EI_IE9051.0,16_IL.17,19_IN1.htm"
113,Hootsuite,"/Overview/Working-at-Hootsuite-EI_IE617216.11,20.htm",/Reviews/Hootsuite-Reviews-E617216.htm,/Interview/Hootsuite-Interview-Questions-E617216.htm,"/Benefits/Hootsuite-US-Benefits-EI_IE617216.0,9_IL.10,12_IN1.htm"
114,BGIS,"/Overview/Working-at-BGIS-EI_IE1098670.11,15.htm",/Reviews/BGIS-Reviews-E1098670.htm,/Interview/BGIS-Interview-Questions-E1098670.htm,"/Benefits/BGIS-US-Benefits-EI_IE1098670.0,4_IL.5,7_IN1.htm"
115,Google,"/Overview/Working-at-Google-EI_IE9079.11,17.htm",/Reviews/Google-Reviews-E9079.htm,/Interview/Google-Interview-Questions-E9079.htm,"/Benefits/Google-US-Benefits-EI_IE9079.0,6_IL.7,9_IN1.htm"
116,University of Victoria,"/Overview/Working-at-University-of-Victoria-EI_IE146432.11,33.htm",/Reviews/University-of-Victoria-Reviews-E146432.htm,/Interview/University-of-Victoria-Interview-Questions-E146432.htm,"/Benefits/University-of-Victoria-US-Benefits-EI_IE146432.0,22_IL.23,25_IN1.htm"
117,Ontario Teachers' Pension Plan,"/Overview/Working-at-Ontario-Teachers-Pension-Plan-EI_IE33544.11,40.htm",/Reviews/Ontario-Teachers-Pension-Plan-Reviews-E33544.htm,/Interview/Ontario-Teachers-Pension-Plan-Interview-Questions-E33544.htm,"/Benefits/Ontario-Teachers-Pension-Plan-US-Benefits-EI_IE33544.0,29_IL.30,32_IN1.htm"
120,Ontario Ministry of Education,"/Overview/Working-at-Ontario-Ministry-of-Education-EI_IE254966.11,40.htm",/Reviews/Ontario-Ministry-of-Education-Reviews-E254966.htm,/Interview/Ontario-Ministry-of-Education-Interview-Questions-E254966.htm,"/Benefits/Ontario-Ministry-of-Education-US-Benefits-EI_IE254966.0,29_IL.30,32_IN1.htm"
121,Fortinet,"/Overview/Working-at-Fortinet-EI_IE23128.11,19.htm",/Reviews/Fortinet-Reviews-E23128.htm,/Interview/Fortinet-Interview-Questions-E23128.htm,"/Benefits/Fortinet-US-Benefits-EI_IE23128.0,8_IL.9,11_IN1.htm"
122,PointClickCare,"/Overview/Working-at-PointClickCare-EI_IE452666.11,25.htm",/Reviews/PointClickCare-Reviews-E452666.htm,/Interview/PointClickCare-Interview-Questions-E452666.htm,"/Benefits/PointClickCare-US-Benefits-EI_IE452666.0,14_IL.15,17_IN1.htm"
123,Sanofi,"/Overview/Working-at-Sanofi-EI_IE9347.11,17.htm",/Reviews/Sanofi-Reviews-E9347.htm,/Interview/Sanofi-Interview-Questions-E9347.htm,"/Benefits/Sanofi-US-Benefits-EI_IE9347.0,6_IL.7,9_IN1.htm"
124,WorkSafeBC,"/Overview/Working-at-WorkSafeBC-EI_IE150646.11,21.htm",/Reviews/WorkSafeBC-Reviews-E150646.htm,/Interview/WorkSafeBC-Interview-Questions-E150646.htm,"/Benefits/WorkSafeBC-US-Benefits-EI_IE150646.0,10_IL.11,13_IN1.htm"
125,Gameloft,"/Overview/Working-at-Gameloft-EI_IE18006.11,19.htm",/Reviews/Gameloft-Reviews-E18006.htm,/Interview/Gameloft-Interview-Questions-E18006.htm,"/Benefits/Gameloft-US-Benefits-EI_IE18006.0,8_IL.9,11_IN1.htm"
126,Ministry of the Environment and Climate Change,"/Overview/Working-at-Ministry-of-the-Environment-and-Climate-Change-EI_IE389769.11,57.htm",/Reviews/Ministry-of-the-Environment-and-Climate-Change-Reviews-E389769.htm,/Interview/Ministry-of-the-Environment-and-Climate-Change-Interview-Questions-E389769.htm,"/Benefits/Ministry-of-the-Environment-and-Climate-Change-US-Benefits-EI_IE389769.0,46_IL.47,49_IN1.htm"
127,BMO Capital Markets,"/Overview/Working-at-BMO-Capital-Markets-EI_IE27668.11,30.htm",/Reviews/BMO-Capital-Markets-Reviews-E27668.htm,/Interview/BMO-Capital-Markets-Interview-Questions-E27668.htm,"/Benefits/BMO-Capital-Markets-US-Benefits-EI_IE27668.0,19_IL.20,22_IN1.htm"
129,Top Hat,"/Overview/Working-at-Top-Hat-EI_IE527419.11,18.htm",/Reviews/Top-Hat-Reviews-E527419.htm,/Interview/Top-Hat-Interview-Questions-E527419.htm,"/Benefits/Top-Hat-US-Benefits-EI_IE527419.0,7_IL.8,10_IN1.htm"
130,SSENSE,"/Overview/Working-at-SSENSE-EI_IE475746.11,17.htm",/Reviews/SSENSE-Reviews-E475746.htm,/Interview/SSENSE-Interview-Questions-E475746.htm,"/Benefits/SSENSE-US-Benefits-EI_IE475746.0,6_IL.7,9_IN1.htm"
131,Environment Canada,"/Overview/Working-at-Environment-Canada-EI_IE196041.11,29.htm",/Reviews/Environment-Canada-Reviews-E196041.htm,/Interview/Environment-Canada-Interview-Questions-E196041.htm,"/Benefits/Environment-Canada-US-Benefits-EI_IE196041.0,18_IL.19,21_IN1.htm"
132,Cossette Communication,"/Overview/Working-at-Cossette-Communication-EI_IE18509.11,33.htm",/Reviews/Cossette-Communication-Reviews-E18509.htm,/Interview/Cossette-Communication-Interview-Questions-E18509.htm,"/Benefits/Cossette-Communication-US-Benefits-EI_IE18509.0,22_IL.23,25_IN1.htm"
133,GlaxoSmithKline,"/Overview/Working-at-GlaxoSmithKline-EI_IE3477.11,26.htm",/Reviews/GlaxoSmithKline-Reviews-E3477.htm,/Interview/GlaxoSmithKline-Interview-Questions-E3477.htm,"/Benefits/GlaxoSmithKline-US-Benefits-EI_IE3477.0,15_IL.16,18_IN1.htm"
134,Lightspeed,"/Overview/Working-at-Lightspeed-EI_IE648762.11,21.htm",/Reviews/Lightspeed-Reviews-E648762.htm,/Interview/Lightspeed-Interview-Questions-E648762.htm,"/Benefits/Lightspeed-US-Benefits-EI_IE648762.0,10_IL.11,13_IN1.htm"
135,St. Michael's Hospital,"/Overview/Working-at-St-Michael-s-Hospital-EI_IE485054.11,32.htm",/Reviews/St-Michael-s-Hospital-Reviews-E485054.htm,/Interview/St-Michael-s-Hospital-Interview-Questions-E485054.htm,"/Benefits/St-Michael-s-Hospital-US-Benefits-EI_IE485054.0,21_IL.22,24_IN1.htm"
136,Kingston General Hospital,"/Overview/Working-at-Kingston-General-Hospital-EI_IE101113.11,36.htm",/Reviews/Kingston-General-Hospital-Reviews-E101113.htm,/Interview/Kingston-General-Hospital-Interview-Questions-E101113.htm,"/Benefits/Kingston-General-Hospital-US-Benefits-EI_IE101113.0,25_IL.26,28_IN1.htm"
137,Unilever,"/Overview/Working-at-Unilever-EI_IE3513.11,19.htm",/Reviews/Unilever-Reviews-E3513.htm,/Interview/Unilever-Interview-Questions-E3513.htm,"/Benefits/Unilever-US-Benefits-EI_IE3513.0,8_IL.9,11_IN1.htm"
138,ABC,"/Overview/Working-at-ABC-EI_IE130.11,14.htm",/Reviews/ABC-Reviews-E130.htm,/Interview/ABC-Interview-Questions-E130.htm,"/Benefits/ABC-US-Benefits-EI_IE130.0,3_IL.4,6_IN1.htm"
140,Health Canada,"/Overview/Working-at-Health-Canada-EI_IE218307.11,24.htm",/Reviews/Health-Canada-Reviews-E218307.htm,/Interview/Health-Canada-Interview-Questions-E218307.htm,"/Benefits/Health-Canada-US-Benefits-EI_IE218307.0,13_IL.14,16_IN1.htm"
142,Ritchie Bros.,"/Overview/Working-at-Ritchie-Bros-EI_IE7886.11,23.htm",/Reviews/Ritchie-Bros-Reviews-E7886.htm,/Interview/Ritchie-Bros-Interview-Questions-E7886.htm,"/Benefits/Ritchie-Bros-US-Benefits-EI_IE7886.0,12_IL.13,15_IN1.htm"
143,Self,"/Overview/Working-at-Self-EI_IE1560378.11,15.htm",/Reviews/Self-Reviews-E1560378.htm,/Interview/Self-Interview-Questions-E1560378.htm,"/Benefits/Self-US-Benefits-EI_IE1560378.0,4_IL.5,7_IN1.htm"
144,Nutrien,"/Overview/Working-at-Nutrien-EI_IE2017225.11,18.htm",/Reviews/Nutrien-Reviews-E2017225.htm,/Interview/Nutrien-Interview-Questions-E2017225.htm,"/Benefits/Nutrien-US-Benefits-EI_IE2017225.0,7_IL.8,10_IN1.htm"
145,Tech Mahindra,"/Overview/Working-at-Tech-Mahindra-EI_IE135932.11,24.htm",/Reviews/Tech-Mahindra-Reviews-E135932.htm,/Interview/Tech-Mahindra-Interview-Questions-E135932.htm,"/Benefits/Tech-Mahindra-US-Benefits-EI_IE135932.0,13_IL.14,16_IN1.htm"
146,Finastra,"/Overview/Working-at-Finastra-EI_IE1689268.11,19.htm",/Reviews/Finastra-Reviews-E1689268.htm,/Interview/Finastra-Interview-Questions-E1689268.htm,"/Benefits/Finastra-US-Benefits-EI_IE1689268.0,8_IL.9,11_IN1.htm"
147,Alberta Motor Association,"/Overview/Working-at-Alberta-Motor-Association-EI_IE212921.11,36.htm",/Reviews/Alberta-Motor-Association-Reviews-E212921.htm,/Interview/Alberta-Motor-Association-Interview-Questions-E212921.htm,"/Benefits/Alberta-Motor-Association-US-Benefits-EI_IE212921.0,25_IL.26,28_IN1.htm"
148,Revenu Quebec,"/Overview/Working-at-Revenu-Quebec-EI_IE454241.11,24.htm",/Reviews/Revenu-Quebec-Reviews-E454241.htm,/Interview/Revenu-Quebec-Interview-Questions-E454241.htm,"/Benefits/Revenu-Quebec-US-Benefits-EI_IE454241.0,13_IL.14,16_IN1.htm"
149,Toronto Star,"/Overview/Working-at-Toronto-Star-EI_IE346756.11,23.htm",/Reviews/Toronto-Star-Reviews-E346756.htm,/Interview/Toronto-Star-Interview-Questions-E346756.htm,"/Benefits/Toronto-Star-US-Benefits-EI_IE346756.0,12_IL.13,15_IN1.htm"
150,Federal Government,"/Overview/Working-at-Federal-Government-EI_IE236635.11,29.htm",/Reviews/Federal-Government-Reviews-E236635.htm,/Interview/Federal-Government-Interview-Questions-E236635.htm,"/Benefits/Federal-Government-US-Benefits-EI_IE236635.0,18_IL.19,21_IN1.htm"
151,Tucows,"/Overview/Working-at-Tucows-EI_IE6018.11,17.htm",/Reviews/Tucows-Reviews-E6018.htm,/Interview/Tucows-Interview-Questions-E6018.htm,"/Benefits/Tucows-US-Benefits-EI_IE6018.0,6_IL.7,9_IN1.htm"
152,Kronos Incorporated,"/Overview/Working-at-Kronos-Incorporated-EI_IE2196.11,30.htm",/Reviews/Kronos-Incorporated-Reviews-E2196.htm,/Interview/Kronos-Incorporated-Interview-Questions-E2196.htm,"/Benefits/Kronos-Incorporated-US-Benefits-EI_IE2196.0,19_IL.20,22_IN1.htm"
153,Employment and Social Development Canada,"/Overview/Working-at-Employment-and-Social-Development-Canada-EI_IE818781.11,51.htm",/Reviews/Employment-and-Social-Development-Canada-Reviews-E818781.htm,/Interview/Employment-and-Social-Development-Canada-Interview-Questions-E818781.htm,"/Benefits/Employment-and-Social-Development-Canada-US-Benefits-EI_IE818781.0,40_IL.41,43_IN1.htm"
154,The Globe & Mail,"/Overview/Working-at-The-Globe-and-Mail-EI_IE391664.11,29.htm",/Reviews/The-Globe-and-Mail-Reviews-E391664.htm,/Interview/The-Globe-and-Mail-Interview-Questions-E391664.htm,"/Benefits/The-Globe-and-Mail-US-Benefits-EI_IE391664.0,18_IL.19,21_IN1.htm"
155,Pratt & Whitney,"/Overview/Working-at-Pratt-and-Whitney-EI_IE11041.11,28.htm",/Reviews/Pratt-and-Whitney-Reviews-E11041.htm,/Interview/Pratt-and-Whitney-Interview-Questions-E11041.htm,"/Benefits/Pratt-and-Whitney-US-Benefits-EI_IE11041.0,17_IL.18,20_IN1.htm"
156,Northbridge Insurance,"/Overview/Working-at-Northbridge-Insurance-EI_IE503430.11,32.htm",/Reviews/Northbridge-Insurance-Reviews-E503430.htm,/Interview/Northbridge-Insurance-Interview-Questions-E503430.htm,"/Benefits/Northbridge-Insurance-US-Benefits-EI_IE503430.0,21_IL.22,24_IN1.htm"
157,Pitney Bowes,"/Overview/Working-at-Pitney-Bowes-EI_IE535.11,23.htm",/Reviews/Pitney-Bowes-Reviews-E535.htm,/Interview/Pitney-Bowes-Interview-Questions-E535.htm,"/Benefits/Pitney-Bowes-US-Benefits-EI_IE535.0,12_IL.13,15_IN1.htm"
158,Yardi Systems,"/Overview/Working-at-Yardi-Systems-EI_IE31057.11,24.htm",/Reviews/Yardi-Systems-Reviews-E31057.htm,/Interview/Yardi-Systems-Interview-Questions-E31057.htm,"/Benefits/Yardi-Systems-US-Benefits-EI_IE31057.0,13_IL.14,16_IN1.htm"
159,Seedbox Technologies,"/Overview/Working-at-Seedbox-Technologies-EI_IE680856.11,31.htm",/Reviews/Seedbox-Technologies-Reviews-E680856.htm,/Interview/Seedbox-Technologies-Interview-Questions-E680856.htm,"/Benefits/Seedbox-Technologies-US-Benefits-EI_IE680856.0,20_IL.21,23_IN1.htm"
160,Rocky Mountaineer,"/Overview/Working-at-Rocky-Mountaineer-EI_IE131661.11,28.htm",/Reviews/Rocky-Mountaineer-Reviews-E131661.htm,/Interview/Rocky-Mountaineer-Interview-Questions-E131661.htm,"/Benefits/Rocky-Mountaineer-US-Benefits-EI_IE131661.0,17_IL.18,20_IN1.htm"
161,Jewish General Hospital,"/Overview/Working-at-Jewish-General-Hospital-EI_IE300440.11,34.htm",/Reviews/Jewish-General-Hospital-Reviews-E300440.htm,/Interview/Jewish-General-Hospital-Interview-Questions-E300440.htm,"/Benefits/Jewish-General-Hospital-US-Benefits-EI_IE300440.0,23_IL.24,26_IN1.htm"
162,Canadian Food Inspection Agency,"/Overview/Working-at-Canadian-Food-Inspection-Agency-EI_IE580936.11,42.htm",/Reviews/Canadian-Food-Inspection-Agency-Reviews-E580936.htm,/Interview/Canadian-Food-Inspection-Agency-Interview-Questions-E580936.htm,"/Benefits/Canadian-Food-Inspection-Agency-US-Benefits-EI_IE580936.0,31_IL.32,34_IN1.htm"
163,Unbounce,"/Overview/Working-at-Unbounce-EI_IE1011784.11,19.htm",/Reviews/Unbounce-Reviews-E1011784.htm,/Interview/Unbounce-Interview-Questions-E1011784.htm,"/Benefits/Unbounce-US-Benefits-EI_IE1011784.0,8_IL.9,11_IN1.htm"
164,League,"/Overview/Working-at-League-EI_IE1165876.11,17.htm",/Reviews/League-Reviews-E1165876.htm,/Interview/League-Interview-Questions-E1165876.htm,"/Benefits/League-US-Benefits-EI_IE1165876.0,6_IL.7,9_IN1.htm"
165,Sauder School of Business,"/Overview/Working-at-Sauder-School-of-Business-EI_IE487140.11,36.htm",/Reviews/Sauder-School-of-Business-Reviews-E487140.htm,/Interview/Sauder-School-of-Business-Interview-Questions-E487140.htm,"/Benefits/Sauder-School-of-Business-US-Benefits-EI_IE487140.0,25_IL.26,28_IN1.htm"
166,Prodigy Education,"/Overview/Working-at-Prodigy-Education-EI_IE1039169.11,28.htm",/Reviews/Prodigy-Education-Reviews-E1039169.htm,/Interview/Prodigy-Education-Interview-Questions-E1039169.htm,"/Benefits/Prodigy-Education-US-Benefits-EI_IE1039169.0,17_IL.18,20_IN1.htm"
167,T4G,"/Overview/Working-at-T4G-EI_IE258469.11,14.htm",/Reviews/T4G-Reviews-E258469.htm,/Interview/T4G-Interview-Questions-E258469.htm,"/Benefits/T4G-US-Benefits-EI_IE258469.0,3_IL.4,6_IN1.htm"
168,Mastercard,"/Overview/Working-at-Mastercard-EI_IE3677.11,21.htm",/Reviews/Mastercard-Reviews-E3677.htm,/Interview/Mastercard-Interview-Questions-E3677.htm,"/Benefits/Mastercard-US-Benefits-EI_IE3677.0,10_IL.11,13_IN1.htm"
169,Kik,"/Overview/Working-at-Kik-EI_IE673773.11,14.htm",/Reviews/Kik-Reviews-E673773.htm,/Interview/Kik-Interview-Questions-E673773.htm,"/Benefits/Kik-US-Benefits-EI_IE673773.0,3_IL.4,6_IN1.htm"
170,Farmers Edge,"/Overview/Working-at-Farmers-Edge-EI_IE1143660.11,23.htm",/Reviews/Farmers-Edge-Reviews-E1143660.htm,/Interview/Farmers-Edge-Interview-Questions-E1143660.htm,"/Benefits/Farmers-Edge-US-Benefits-EI_IE1143660.0,12_IL.13,15_IN1.htm"
171,Torstar,"/Overview/Working-at-Torstar-EI_IE7146.11,18.htm",/Reviews/Torstar-Reviews-E7146.htm,/Interview/Torstar-Interview-Questions-E7146.htm,"/Benefits/Torstar-US-Benefits-EI_IE7146.0,7_IL.8,10_IN1.htm"
172,500px,"/Overview/Working-at-500px-EI_IE600778.11,16.htm",/Reviews/500px-Reviews-E600778.htm,/Interview/500px-Interview-Questions-E600778.htm,"/Benefits/500px-US-Benefits-EI_IE600778.0,5_IL.6,8_IN1.htm"
173,ruby,"/Overview/Working-at-ruby-EI_IE456062.11,15.htm",/Reviews/ruby-Reviews-E456062.htm,/Interview/ruby-Interview-Questions-E456062.htm,"/Benefits/ruby-US-Benefits-EI_IE456062.0,4_IL.5,7_IN1.htm"
174,Xe,"/Overview/Working-at-Xe-EI_IE734881.11,13.htm",/Reviews/Xe-Reviews-E734881.htm,/Interview/Xe-Interview-Questions-E734881.htm,"/Benefits/Xe-US-Benefits-EI_IE734881.0,2_IL.3,5_IN1.htm"
176,Hotspex,"/Overview/Working-at-Hotspex-EI_IE480164.11,18.htm",/Reviews/Hotspex-Reviews-E480164.htm,/Interview/Hotspex-Interview-Questions-E480164.htm,"/Benefits/Hotspex-US-Benefits-EI_IE480164.0,7_IL.8,10_IN1.htm"
177,Adastra Group,"/Overview/Working-at-Adastra-Group-EI_IE673145.11,24.htm",/Reviews/Adastra-Group-Reviews-E673145.htm,/Interview/Adastra-Group-Interview-Questions-E673145.htm,"/Benefits/Adastra-Group-US-Benefits-EI_IE673145.0,13_IL.14,16_IN1.htm"
178,Maluuba,"/Overview/Working-at-Maluuba-EI_IE667745.11,18.htm",/Reviews/Maluuba-Reviews-E667745.htm,/Interview/Maluuba-Interview-Questions-E667745.htm,"/Benefits/Maluuba-US-Benefits-EI_IE667745.0,7_IL.8,10_IN1.htm"
179,Facebook,/facebook,/Reviews/Facebook-Reviews-E40772.htm,/Interview/Facebook-Interview-Questions-E40772.htm,"/Benefits/Facebook-US-Benefits-EI_IE40772.0,8_IL.9,11_IN1.htm"
180,Trulioo,"/Overview/Working-at-Trulioo-EI_IE868918.11,18.htm",/Reviews/Trulioo-Reviews-E868918.htm,/Interview/Trulioo-Interview-Questions-E868918.htm,"/Benefits/Trulioo-US-Benefits-EI_IE868918.0,7_IL.8,10_IN1.htm"
181,INVISTA,"/Overview/Working-at-INVISTA-EI_IE19024.11,18.htm",/Reviews/INVISTA-Reviews-E19024.htm,/Interview/INVISTA-Interview-Questions-E19024.htm,"/Benefits/INVISTA-US-Benefits-EI_IE19024.0,7_IL.8,10_IN1.htm"
182,Thinkific,"/Overview/Working-at-Thinkific-EI_IE1337450.11,20.htm",/Reviews/Thinkific-Reviews-E1337450.htm,/Interview/Thinkific-Interview-Questions-E1337450.htm,"/Benefits/Thinkific-US-Benefits-EI_IE1337450.0,9_IL.10,12_IN1.htm"
183,Omnicom Media Group,"/Overview/Working-at-Omnicom-Media-Group-EI_IE544568.11,30.htm",/Reviews/Omnicom-Media-Group-Reviews-E544568.htm,/Interview/Omnicom-Media-Group-Interview-Questions-E544568.htm,"/Benefits/Omnicom-Media-Group-US-Benefits-EI_IE544568.0,19_IL.20,22_IN1.htm"
184,BNOTIONS,,/Reviews/BNOTIONS-Reviews-E677440.htm,/Interview/BNOTIONS-Interview-Questions-E677440.htm,"/Benefits/BNOTIONS-US-Benefits-EI_IE677440.0,8_IL.9,11_IN1.htm"
185,Upwork,"/Overview/Working-at-Upwork-EI_IE993959.11,17.htm",/Reviews/Upwork-Reviews-E993959.htm,/Interview/Upwork-Interview-Questions-E993959.htm,"/Benefits/Upwork-US-Benefits-EI_IE993959.0,6_IL.7,9_IN1.htm"
186,CARFAX Canada,"/Overview/Working-at-CARFAX-Canada-EI_IE600177.11,24.htm",/Reviews/CARFAX-Canada-Reviews-E600177.htm,/Interview/CARFAX-Canada-Interview-Questions-E600177.htm,"/Benefits/CARFAX-Canada-US-Benefits-EI_IE600177.0,13_IL.14,16_IN1.htm"
187,Eyereturn Marketing,"/Overview/Working-at-Eyereturn-Marketing-EI_IE499371.11,30.htm",/Reviews/Eyereturn-Marketing-Reviews-E499371.htm,/Interview/Eyereturn-Marketing-Interview-Questions-E499371.htm,"/Benefits/Eyereturn-Marketing-US-Benefits-EI_IE499371.0,19_IL.20,22_IN1.htm"
188,Arvato,"/Overview/Working-at-Arvato-EI_IE39834.11,17.htm",/Reviews/Arvato-Reviews-E39834.htm,/Interview/Arvato-Interview-Questions-E39834.htm,"/Benefits/Arvato-US-Benefits-EI_IE39834.0,6_IL.7,9_IN1.htm"
189,Magnet Forensics,"/Overview/Working-at-Magnet-Forensics-EI_IE649630.11,27.htm",/Reviews/Magnet-Forensics-Reviews-E649630.htm,/Interview/Magnet-Forensics-Interview-Questions-E649630.htm,"/Benefits/Magnet-Forensics-US-Benefits-EI_IE649630.0,16_IL.17,19_IN1.htm"
190,Experis,"/Overview/Working-at-Experis-EI_IE608019.11,18.htm",/Reviews/Experis-Reviews-E608019.htm,/Interview/Experis-Interview-Questions-E608019.htm,"/Benefits/Experis-US-Benefits-EI_IE608019.0,7_IL.8,10_IN1.htm"
191,Verizon,"/Overview/Working-at-Verizon-EI_IE89.11,18.htm",/Reviews/Verizon-Reviews-E89.htm,/Interview/Verizon-Interview-Questions-E89.htm,"/Benefits/Verizon-US-Benefits-EI_IE89.0,7_IL.8,10_IN1.htm"
192,First Derivatives,"/Overview/Working-at-First-Derivatives-EI_IE35766.11,28.htm",/Reviews/First-Derivatives-Reviews-E35766.htm,/Interview/First-Derivatives-Interview-Questions-E35766.htm,"/Benefits/First-Derivatives-US-Benefits-EI_IE35766.0,17_IL.18,20_IN1.htm"
193,Statflo,"/Overview/Working-at-Statflo-EI_IE1382405.11,18.htm",/Reviews/Statflo-Reviews-E1382405.htm,/Interview/Statflo-Interview-Questions-E1382405.htm,"/Benefits/Statflo-US-Benefits-EI_IE1382405.0,7_IL.8,10_IN1.htm"
194,SinaLite,"/Overview/Working-at-SinaLite-EI_IE1520650.11,19.htm",/Reviews/SinaLite-Reviews-E1520650.htm,/Interview/SinaLite-Interview-Questions-E1520650.htm,"/Benefits/SinaLite-US-Benefits-EI_IE1520650.0,8_IL.9,11_IN1.htm"
196,Multi-Health Systems,"/Overview/Working-at-Multi-Health-Systems-EI_IE1300117.11,31.htm",/Reviews/Multi-Health-Systems-Reviews-E1300117.htm,/Interview/Multi-Health-Systems-Interview-Questions-E1300117.htm,"/Benefits/Multi-Health-Systems-US-Benefits-EI_IE1300117.0,20_IL.21,23_IN1.htm"
197,district m,"/Overview/Working-at-district-m-EI_IE1521845.11,21.htm",/Reviews/district-m-Reviews-E1521845.htm,/Interview/district-m-Interview-Questions-E1521845.htm,"/Benefits/district-m-US-Benefits-EI_IE1521845.0,10_IL.11,13_IN1.htm"
198,Neurio Technology,"/Overview/Working-at-Neurio-Technology-EI_IE1098406.11,28.htm",/Reviews/Neurio-Technology-Reviews-E1098406.htm,/Interview/Neurio-Technology-Interview-Questions-E1098406.htm,"/Benefits/Neurio-Technology-US-Benefits-EI_IE1098406.0,17_IL.18,20_IN1.htm"
199,RS Energy Group,"/Overview/Working-at-RS-Energy-Group-EI_IE1456708.11,26.htm",/Reviews/RS-Energy-Group-Reviews-E1456708.htm,/Interview/RS-Energy-Group-Interview-Questions-E1456708.htm,
200,Overbond,"/Overview/Working-at-Overbond-EI_IE1328075.11,19.htm",/Reviews/Overbond-Reviews-E1328075.htm,/Interview/Overbond-Interview-Questions-E1328075.htm,"/Benefits/Overbond-US-Benefits-EI_IE1328075.0,8_IL.9,11_IN1.htm"
201,LCI Éducation,"/Overview/Working-at-LCI-Éducation-EI_IE1179478.11,24.htm",/Reviews/LCI-Éducation-Reviews-E1179478.htm,/Interview/LCI-Éducation-Interview-Questions-E1179478.htm,"/Benefits/LCI-Éducation-US-Benefits-EI_IE1179478.0,13_IL.14,16_IN1.htm"
204,Uncharted,"/Overview/Working-at-Uncharted-EI_IE1526558.11,20.htm",/Reviews/Uncharted-Reviews-E1526558.htm,/Interview/Uncharted-Interview-Questions-E1526558.htm,"/Benefits/Uncharted-US-Benefits-EI_IE1526558.0,9_IL.10,12_IN1.htm"
205,Canadian Internet Registration Authority,"/Overview/Working-at-Canadian-Internet-Registration-Authority-EI_IE471254.11,51.htm",/Reviews/Canadian-Internet-Registration-Authority-Reviews-E471254.htm,/Interview/Canadian-Internet-Registration-Authority-Interview-Questions-E471254.htm,
206,EMAGIN Clean Technologies,"/Overview/Working-at-EMAGIN-Clean-Technologies-EI_IE2347094.11,36.htm",/Reviews/EMAGIN-Clean-Technologies-Reviews-E2347094.htm,/Interview/EMAGIN-Clean-Technologies-Interview-Questions-E2347094.htm,"/Benefits/EMAGIN-Clean-Technologies-US-Benefits-EI_IE2347094.0,25_IL.26,28_IN1.htm"
207,Field Effect,"/Overview/Working-at-Field-Effect-EI_IE2281821.11,23.htm",/Reviews/Field-Effect-Reviews-E2281821.htm,,
208,daVinci,"/Overview/Working-at-daVinci-EI_IE352392.11,18.htm",/Reviews/daVinci-Reviews-E352392.htm,,"/Benefits/daVinci-US-Benefits-EI_IE352392.0,7_IL.8,10_IN1.htm"
209,Boréalis (Canada),"/Overview/Working-at-Boréalis-Canada-EI_IE2467768.11,26.htm",/Reviews/Boréalis-Canada-Reviews-E2467768.htm,,
210,Upsight,"/Overview/Working-at-Upsight-EI_IE808689.11,18.htm",/Reviews/Upsight-Reviews-E808689.htm,/Interview/Upsight-Interview-Questions-E808689.htm,"/Benefits/Upsight-US-Benefits-EI_IE808689.0,7_IL.8,10_IN1.htm"
211,CRIM (Computer Research Institute of Montreal),"/Overview/Working-at-CRIM-Computer-Research-Institute-of-Montreal-EI_IE474142.11,55.htm",/Reviews/CRIM-Computer-Research-Institute-of-Montreal-Reviews-E474142.htm,,"/Benefits/CRIM-Computer-Research-Institute-of-Montreal-US-Benefits-EI_IE474142.0,44_IL.45,47_IN1.htm"
212,Mistplay,"/Overview/Working-at-Mistplay-EI_IE2262062.11,19.htm",/Reviews/Mistplay-Reviews-E2262062.htm,/Interview/Mistplay-Interview-Questions-E2262062.htm,"/Benefits/Mistplay-US-Benefits-EI_IE2262062.0,8_IL.9,11_IN1.htm"
213,Gestisoft,"/Overview/Working-at-Gestisoft-EI_IE1358758.11,20.htm",/Reviews/Gestisoft-Reviews-E1358758.htm,,"/Benefits/Gestisoft-US-Benefits-EI_IE1358758.0,9_IL.10,12_IN1.htm"
214,Quandl,"/Overview/Working-at-Quandl-EI_IE1453034.11,17.htm",/Reviews/Quandl-Reviews-E1453034.htm,/Interview/Quandl-Interview-Questions-E1453034.htm,"/Benefits/Quandl-US-Benefits-EI_IE1453034.0,6_IL.7,9_IN1.htm"
215,Neelands Refrigeration,"/Overview/Working-at-Neelands-Refrigeration-EI_IE817004.11,33.htm",/Reviews/Neelands-Refrigeration-Reviews-E817004.htm,/Interview/Neelands-Refrigeration-Interview-Questions-E817004.htm,
216,Altus Assessments,"/Overview/Working-at-Altus-Assessments-EI_IE1178744.11,28.htm",/Reviews/Altus-Assessments-Reviews-E1178744.htm,/Interview/Altus-Assessments-Interview-Questions-E1178744.htm,"/Benefits/Altus-Assessments-US-Benefits-EI_IE1178744.0,17_IL.18,20_IN1.htm"
217,Wish,"/Overview/Working-at-Wish-EI_IE686514.11,15.htm",/Reviews/Wish-Reviews-E686514.htm,/Interview/Wish-Interview-Questions-E686514.htm,"/Benefits/Wish-US-Benefits-EI_IE686514.0,4_IL.5,7_IN1.htm"
218,Geosyntec Consultants,"/Overview/Working-at-Geosyntec-Consultants-EI_IE28995.11,32.htm",/Reviews/Geosyntec-Consultants-Reviews-E28995.htm,/Interview/Geosyntec-Consultants-Interview-Questions-E28995.htm,"/Benefits/Geosyntec-Consultants-US-Benefits-EI_IE28995.0,21_IL.22,24_IN1.htm"
219,Cerebri AI,"/Overview/Working-at-Cerebri-AI-EI_IE1510134.11,21.htm",/Reviews/Cerebri-AI-Reviews-E1510134.htm,/Interview/Cerebri-AI-Interview-Questions-E1510134.htm,"/Benefits/Cerebri-AI-US-Benefits-EI_IE1510134.0,10_IL.11,13_IN1.htm"
220,Opta Information Intelligence,"/Overview/Working-at-Opta-Information-Intelligence-EI_IE1020990.11,40.htm",/Reviews/Opta-Information-Intelligence-Reviews-E1020990.htm,/Interview/Opta-Information-Intelligence-Interview-Questions-E1020990.htm,"/Benefits/Opta-Information-Intelligence-US-Benefits-EI_IE1020990.0,29_IL.30,32_IN1.htm"
222,Power Factors,"/Overview/Working-at-Power-Factors-EI_IE1927187.11,24.htm",/Reviews/Power-Factors-Reviews-E1927187.htm,/Interview/Power-Factors-Interview-Questions-E1927187.htm,"/Benefits/Power-Factors-US-Benefits-EI_IE1927187.0,13_IL.14,16_IN1.htm"
223,Felix & Paul Studios,"/Overview/Working-at-Felix-and-Paul-Studios-EI_IE1354939.11,33.htm",/Reviews/Felix-and-Paul-Studios-Reviews-E1354939.htm,,
224,Autotrader,"/Overview/Working-at-Autotrader-EI_IE9979.11,21.htm",/Reviews/Autotrader-Reviews-E9979.htm,/Interview/Autotrader-Interview-Questions-E9979.htm,"/Benefits/Autotrader-US-Benefits-EI_IE9979.0,10_IL.11,13_IN1.htm"
225,CSI Consulting,"/Overview/Working-at-CSI-Consulting-EI_IE327811.11,25.htm",/Reviews/CSI-Consulting-Reviews-E327811.htm,/Interview/CSI-Consulting-Interview-Questions-E327811.htm,"/Benefits/CSI-Consulting-US-Benefits-EI_IE327811.0,14_IL.15,17_IN1.htm"
226,KE Solutions,"/Overview/Working-at-KE-Solutions-EI_IE1334655.11,23.htm",/Reviews/KE-Solutions-Reviews-E1334655.htm,/Interview/KE-Solutions-Interview-Questions-E1334655.htm,"/Benefits/KE-Solutions-US-Benefits-EI_IE1334655.0,12_IL.13,15_IN1.htm"
227,Forcepoint,"/Overview/Working-at-Forcepoint-EI_IE1262390.11,21.htm",/Reviews/Forcepoint-Reviews-E1262390.htm,/Interview/Forcepoint-Interview-Questions-E1262390.htm,"/Benefits/Forcepoint-US-Benefits-EI_IE1262390.0,10_IL.11,13_IN1.htm"
228,AIRM Consulting,"/Overview/Working-at-AIRM-Consulting-EI_IE3618777.11,26.htm",/Reviews/AIRM-Consulting-Reviews-E3618777.htm,,
229,Keela,"/Overview/Working-at-Keela-EI_IE1377664.11,16.htm",/Reviews/Keela-Reviews-E1377664.htm,/Interview/Keela-Interview-Questions-E1377664.htm,"/Benefits/Keela-US-Benefits-EI_IE1377664.0,5_IL.6,8_IN1.htm"
230,Prolifics,"/Overview/Working-at-Prolifics-EI_IE132102.11,20.htm",/Reviews/Prolifics-Reviews-E132102.htm,/Interview/Prolifics-Interview-Questions-E132102.htm,"/Benefits/Prolifics-US-Benefits-EI_IE132102.0,9_IL.10,12_IN1.htm"
231,Freelance.com,"/Overview/Working-at-Freelance-com-EI_IE3160466.11,24.htm",/Reviews/Freelance-com-Reviews-E3160466.htm,/Interview/Freelance-com-Interview-Questions-E3160466.htm,"/Benefits/Freelance-com-US-Benefits-EI_IE3160466.0,13_IL.14,16_IN1.htm"
232,Sia Partners,"/Overview/Working-at-Sia-Partners-EI_IE663009.11,23.htm",/Reviews/Sia-Partners-Reviews-E663009.htm,/Interview/Sia-Partners-Interview-Questions-E663009.htm,"/Benefits/Sia-Partners-US-Benefits-EI_IE663009.0,12_IL.13,15_IN1.htm"
233,Outshine,"/Overview/Working-at-Outshine-EI_IE2117377.11,19.htm",/Reviews/Outshine-Reviews-E2117377.htm,,"/Benefits/Outshine-US-Benefits-EI_IE2117377.0,8_IL.9,11_IN1.htm"
234,Enlighted,"/Overview/Working-at-Enlighted-EI_IE458253.11,20.htm",/Reviews/Enlighted-Reviews-E458253.htm,/Interview/Enlighted-Interview-Questions-E458253.htm,"/Benefits/Enlighted-US-Benefits-EI_IE458253.0,9_IL.10,12_IN1.htm"
235,Chisel AI,"/Overview/Working-at-Chisel-AI-EI_IE2012579.11,20.htm",/Reviews/Chisel-AI-Reviews-E2012579.htm,,"/Benefits/Chisel-AI-US-Benefits-EI_IE2012579.0,9_IL.10,12_IN1.htm"
236,ASL Environmental Sciences,,/Reviews/ASL-Environmental-Sciences-Reviews-E701874.htm,/Interview/ASL-Environmental-Sciences-Interview-Questions-E701874.htm,
237,tealbook,"/Overview/Working-at-tealbook-EI_IE2611496.11,19.htm",/Reviews/tealbook-Reviews-E2611496.htm,,
238,Samplits,"/Overview/Working-at-Samplits-EI_IE2130029.11,19.htm",/Reviews/Samplits-Reviews-E2130029.htm,/Interview/Samplits-Interview-Questions-E2130029.htm,
239,AltaML,"/Overview/Working-at-AltaML-EI_IE2534656.11,17.htm",/Reviews/AltaML-Reviews-E2534656.htm,/Interview/AltaML-Interview-Questions-E2534656.htm,
240,Via Science,"/Overview/Working-at-Via-Science-EI_IE1108708.11,22.htm",/Reviews/Via-Science-Reviews-E1108708.htm,,
241,Gymtrack,,/Reviews/Gymtrack-Reviews-E1255852.htm,,"/Benefits/Gymtrack-US-Benefits-EI_IE1255852.0,8_IL.9,11_IN1.htm"
242,SolutionStat,,/Reviews/SolutionStat-Reviews-E2427289.htm,,
243,Savormetrics,"/Overview/Working-at-Savormetrics-EI_IE1673035.11,23.htm",/Reviews/Savormetrics-Reviews-E1673035.htm,,
244,SharpestMinds,"/Overview/Working-at-SharpestMinds-EI_IE3035455.11,24.htm",/Reviews/SharpestMinds-Reviews-E3035455.htm,/Interview/SharpestMinds-Interview-Questions-E3035455.htm,"/Benefits/SharpestMinds-US-Benefits-EI_IE3035455.0,13_IL.14,16_IN1.htm"
245,FitFi,"/Overview/Working-at-FitFi-EI_IE2348363.11,16.htm",/Reviews/FitFi-Reviews-E2348363.htm,,
246,Brizi,"/Overview/Working-at-Brizi-EI_IE947899.11,16.htm",/Reviews/Brizi-Reviews-E947899.htm,/Interview/Brizi-Interview-Questions-E947899.htm,
247,Planet Bingo,"/Overview/Working-at-Planet-Bingo-EI_IE344752.11,23.htm",/Reviews/Planet-Bingo-Reviews-E344752.htm,/Interview/Planet-Bingo-Interview-Questions-E344752.htm,"/Benefits/Planet-Bingo-US-Benefits-EI_IE344752.0,12_IL.13,15_IN1.htm"
248,Vooban,"/Overview/Working-at-Vooban-EI_IE2187625.11,17.htm",/Reviews/Vooban-Reviews-E2187625.htm,,"/Benefits/Vooban-US-Benefits-EI_IE2187625.0,6_IL.7,9_IN1.htm"
250,Faimdata,"/Overview/Working-at-Faimdata-EI_IE943434.11,19.htm",/Reviews/Faimdata-Reviews-E943434.htm,,
251,Acerta (Canada),"/Overview/Working-at-Acerta-Canada-EI_IE2234284.11,24.htm",/Reviews/Acerta-Canada-Reviews-E2234284.htm,,
252,deviantArt,"/Overview/Working-at-deviantArt-EI_IE365632.11,21.htm",/Reviews/deviantArt-Reviews-E365632.htm,/Interview/deviantArt-Interview-Questions-E365632.htm,"/Benefits/deviantArt-US-Benefits-EI_IE365632.0,10_IL.11,13_IN1.htm"
253,Beam Data,"/Overview/Working-at-Beam-Data-EI_IE2606208.11,20.htm",/Reviews/Beam-Data-Reviews-E2606208.htm,,
255,Scribd,"/Overview/Working-at-Scribd-EI_IE354208.11,17.htm",/Reviews/Scribd-Reviews-E354208.htm,/Interview/Scribd-Interview-Questions-E354208.htm,"/Benefits/Scribd-US-Benefits-EI_IE354208.0,6_IL.7,9_IN1.htm"
256,Dane Street,,/Reviews/Renda-Broadcasting-Reviews-E386931.htm,/Interview/Renda-Broadcasting-Interview-Questions-E386931.htm,
257,Renda Broadcasting,"/Overview/Working-at-Aitheras-EI_IE1275264.11,19.htm",/Reviews/Aitheras-Reviews-E1275264.htm,,"/Benefits/Aitheras-US-Benefits-EI_IE1275264.0,8_IL.9,11_IN1.htm"
258,Aitheras,"/Overview/Working-at-Polar-Systems-EI_IE714630.11,24.htm",/Reviews/Polar-Systems-Reviews-E714630.htm,,
259,Polar Systems,"/Overview/Working-at-Prestige-SG-TECH-Consulting-EI_IE3994955.11,38.htm",/Reviews/Prestige-SG-TECH-Consulting-Reviews-E3994955.htm,,
260,Prestige SG-TECH Consulting,"/Overview/Working-at-Prestige-SG-TECH-Consulting-EI_IE3994955.11,38.htm",/Reviews/Prestige-SG-TECH-Consulting-Reviews-E3994955.htm,,
261,YYZ Ventures,,,,
262,Random Forest,,,,
263,patrickmesana,,,,
264,Sherbrooke Informatique,,/Reviews/Sherbrooke-Informatique-Reviews-E2355670.htm,,
265,Losch Engineering,"/Overview/Working-at-Losch-Engineering-EI_IE273832.11,28.htm",/Reviews/Losch-Engineering-Reviews-E273832.htm,,
266,Chizindu udum,,,,
267,CONCURED,"/Overview/Working-at-CONCURED-EI_IE1687163.11,19.htm",/Reviews/CONCURED-Reviews-E1687163.htm,,
268,Annalect,"/Overview/Working-at-Annalect-EI_IE691051.11,19.htm",/Reviews/Annalect-Reviews-E691051.htm,/Interview/Annalect-Interview-Questions-E691051.htm,"/Benefits/Annalect-US-Benefits-EI_IE691051.0,8_IL.9,11_IN1.htm"
269,Trump Pense,"/Overview/Working-at-Trump-Pense-EI_IE3422244.11,22.htm",/Reviews/Trump-Pense-Reviews-E3422244.htm,,
270,Salata,"/Overview/Working-at-Salata-EI_IE993130.11,17.htm",/Reviews/Salata-Reviews-E993130.htm,/Interview/Salata-Interview-Questions-E993130.htm,"/Benefits/Salata-US-Benefits-EI_IE993130.0,6_IL.7,9_IN1.htm"
271,Food Banks,"/Overview/Working-at-Food-Banks-EI_IE1896169.11,21.htm",/Reviews/Food-Banks-Reviews-E1896169.htm,/Interview/Food-Banks-Interview-Questions-E1896169.htm,
272,Pure Strategy Consulting Inc.,,,,
273,BalloonBox,"/Overview/Working-at-BalloonBox-EI_IE3508047.11,21.htm",/Reviews/BalloonBox-Reviews-E3508047.htm,,
274,a i solutions,"/Overview/Working-at-a-i-solutions-EI_IE110486.11,24.htm",/Reviews/a-i-solutions-Reviews-E110486.htm,/Interview/a-i-solutions-Interview-Questions-E110486.htm,"/Benefits/a-i-solutions-US-Benefits-EI_IE110486.0,13_IL.14,16_IN1.htm"
275,Business Analytica,"/Overview/Working-at-Business-Analytica-EI_IE605265.11,29.htm",/Reviews/Business-Analytica-Reviews-E605265.htm,/Interview/Business-Analytica-Interview-Questions-E605265.htm,"/Benefits/Business-Analytica-US-Benefits-EI_IE605265.0,18_IL.19,21_IN1.htm"
276,Ministério da Educação,"/Overview/Working-at-Ministério-da-Educação-EI_IE1139133.11,33.htm",/Reviews/Ministério-da-Educação-Reviews-E1139133.htm,/Interview/Ministério-da-Educação-Interview-Questions-E1139133.htm,"/Benefits/Ministério-da-Educação-US-Benefits-EI_IE1139133.0,22_IL.23,25_IN1.htm"
277,ePassing,"/Overview/Working-at-ePassing-EI_IE1093475.11,19.htm",/Reviews/ePassing-Reviews-E1093475.htm,,
278,Appberry,"/Overview/Working-at-Appberry-EI_IE1988462.11,19.htm",/Reviews/Appberry-Reviews-E1988462.htm,,
279,Prestige SG-Tech Consulting,,,,
280,SimplicityBI,,/Reviews/SimplicityBI-Reviews-E3356857.htm,,
281,Pure Strategic,"/Overview/Working-at-Pure-Strategic-EI_IE2130555.11,25.htm",/Reviews/Pure-Strategic-Reviews-E2130555.htm,,"/Benefits/Pure-Strategic-US-Benefits-EI_IE2130555.0,14_IL.15,17_IN1.htm"
282,Global Development Group,,/Reviews/Global-Development-Group-Reviews-E1270940.htm,/Interview/Global-Development-Group-Interview-Questions-E1270940.htm,"/Benefits/Global-Development-Group-US-Benefits-EI_IE1270940.0,24_IL.25,27_IN1.htm"
283,Datacratic,,/Reviews/Datacratic-Reviews-E2505843.htm,,
284,East Asian Observatory,,/Reviews/East-Asian-Observatory-Reviews-E1580468.htm,,
285,Sports IQ Analytics,,/Reviews/Sports-IQ-Analytics-Reviews-E3428756.htm,,
286,Smats Traffic Solutions ,,/Reviews/Smats-Traffic-Solutions-Reviews-E2476129.htm,,
287,Pretect ,"/Overview/Working-at-Pretect-EI_IE2428091.11,18.htm",/Reviews/Pretect-Reviews-E2428091.htm,,
288,University of Fujairah,,/Reviews/University-of-Fujairah-Reviews-E1969251.htm,,
289,Graphika Print Solution,"/Overview/Working-at-Graphika-Print-Solution-EI_IE2513730.11,34.htm",/Reviews/Graphika-Print-Solution-Reviews-E2513730.htm,,
300,Aviva,"/Overview/Working-at-Aviva-EI_IE311641.11,16.htm",/Reviews/Aviva-Reviews-E311641.htm,/Interview/Aviva-Interview-Questions-E311641.htm,"/Benefits/Aviva-US-Benefits-EI_IE311641.0,5_IL.6,8_IN1.htm"
310,ADP,"/Overview/Working-at-ADP-EI_IE64.11,14.htm",/Reviews/ADP-Reviews-E64.htm,/Interview/ADP-Interview-Questions-E64.htm,"/Benefits/ADP-US-Benefits-EI_IE64.0,3_IL.4,6_IN1.htm"
311,Ceridian,"/Overview/Working-at-Ceridian-EI_IE179.11,19.htm",/Reviews/Ceridian-Reviews-E179.htm,/Interview/Ceridian-Interview-Questions-E179.htm,"/Benefits/Ceridian-US-Benefits-EI_IE179.0,8_IL.9,11_IN1.htm"
313,Economical Insurance,"/Overview/Working-at-Economical-Insurance-EI_IE7828.11,31.htm",/Reviews/Economical-Insurance-Reviews-E7828.htm,/Interview/Economical-Insurance-Interview-Questions-E7828.htm,"/Benefits/Economical-Insurance-US-Benefits-EI_IE7828.0,20_IL.21,23_IN1.htm"
314,Intuit,"/Overview/Working-at-Intuit-EI_IE2293.11,17.htm",/Reviews/Intuit-Reviews-E2293.htm,/Interview/Intuit-Interview-Questions-E2293.htm,"/Benefits/Intuit-US-Benefits-EI_IE2293.0,6_IL.7,9_IN1.htm"
315,Huawei Technologies,"/Overview/Working-at-Huawei-Technologies-EI_IE9304.11,30.htm",/Reviews/Huawei-Technologies-Reviews-E9304.htm,/Interview/Huawei-Technologies-Interview-Questions-E9304.htm,"/Benefits/Huawei-Technologies-US-Benefits-EI_IE9304.0,19_IL.20,22_IN1.htm"
318,CHEO,"/Overview/Working-at-CHEO-EI_IE479151.11,15.htm",/Reviews/CHEO-Reviews-E479151.htm,/Interview/CHEO-Interview-Questions-E479151.htm,"/Benefits/CHEO-US-Benefits-EI_IE479151.0,4_IL.5,7_IN1.htm"
319,Mozilla,"/Overview/Working-at-Mozilla-EI_IE19129.11,18.htm",/Reviews/Mozilla-Reviews-E19129.htm,/Interview/Mozilla-Interview-Questions-E19129.htm,"/Benefits/Mozilla-US-Benefits-EI_IE19129.0,7_IL.8,10_IN1.htm"
320,SurveyMonkey,"/Overview/Working-at-SurveyMonkey-EI_IE347449.11,23.htm",/Reviews/SurveyMonkey-Reviews-E347449.htm,/Interview/SurveyMonkey-Interview-Questions-E347449.htm,"/Benefits/SurveyMonkey-US-Benefits-EI_IE347449.0,12_IL.13,15_IN1.htm"
321,GE Digital,"/Overview/Working-at-GE-Digital-EI_IE714224.11,21.htm",/Reviews/GE-Digital-Reviews-E714224.htm,/Interview/GE-Digital-Interview-Questions-E714224.htm,"/Benefits/GE-Digital-US-Benefits-EI_IE714224.0,10_IL.11,13_IN1.htm"
322,Teradata,"/Overview/Working-at-Teradata-EI_IE14638.11,19.htm",/Reviews/Teradata-Reviews-E14638.htm,/Interview/Teradata-Interview-Questions-E14638.htm,"/Benefits/Teradata-US-Benefits-EI_IE14638.0,8_IL.9,11_IN1.htm"
323,Environment and Climate Change Canada,"/Overview/Working-at-Environment-and-Climate-Change-Canada-EI_IE2550641.11,48.htm",/Reviews/Environment-and-Climate-Change-Canada-Reviews-E2550641.htm,/Interview/Environment-and-Climate-Change-Canada-Interview-Questions-E2550641.htm,"/Benefits/Environment-and-Climate-Change-Canada-US-Benefits-EI_IE2550641.0,37_IL.38,40_IN1.htm"
326,1QB Information Technologies 1QBit,"/Overview/Working-at-1QB-Information-Technologies-1QBit-EI_IE867487.11,45.htm",/Reviews/1QB-Information-Technologies-1QBit-Reviews-E867487.htm,/Interview/1QB-Information-Technologies-1QBit-Interview-Questions-E867487.htm,"/Benefits/1QB-Information-Technologies-1QBit-US-Benefits-EI_IE867487.0,34_IL.35,37_IN1.htm"
327,Exiger,"/Overview/Working-at-Exiger-EI_IE958023.11,17.htm",/Reviews/Exiger-Reviews-E958023.htm,/Interview/Exiger-Interview-Questions-E958023.htm,"/Benefits/Exiger-US-Benefits-EI_IE958023.0,6_IL.7,9_IN1.htm"
328,BlueDot,"/Overview/Working-at-BlueDot-EI_IE1478031.11,18.htm",/Reviews/BlueDot-Reviews-E1478031.htm,/Interview/BlueDot-Interview-Questions-E1478031.htm,"/Benefits/BlueDot-US-Benefits-EI_IE1478031.0,7_IL.8,10_IN1.htm"
330,Talan,"/Overview/Working-at-Talan-EI_IE485967.11,16.htm",/Reviews/Talan-Reviews-E485967.htm,/Interview/Talan-Interview-Questions-E485967.htm,"/Benefits/Talan-US-Benefits-EI_IE485967.0,5_IL.6,8_IN1.htm"
331,Apply Digital,"/Overview/Working-at-Apply-Digital-EI_IE1628012.11,24.htm",/Reviews/Apply-Digital-Reviews-E1628012.htm,/Interview/Apply-Digital-Interview-Questions-E1628012.htm,"/Benefits/Apply-Digital-US-Benefits-EI_IE1628012.0,13_IL.14,16_IN1.htm"
332,Ivado Labs,"/Overview/Working-at-Ivado-Labs-EI_IE2352584.11,21.htm",/Reviews/Ivado-Labs-Reviews-E2352584.htm,,"/Benefits/Ivado-Labs-US-Benefits-EI_IE2352584.0,10_IL.11,13_IN1.htm"
333,Kinsol Research,,,,
334,Aria Jefferson,"/Overview/Working-at-Aria-Jefferson-Health-EI_IE21263.11,32.htm",/Reviews/Aria-Jefferson-Health-Reviews-E21263.htm,/Interview/Aria-Jefferson-Health-Interview-Questions-E21263.htm,"/Benefits/Aria-Jefferson-Health-US-Benefits-EI_IE21263.0,21_IL.22,24_IN1.htm"
335,Brilent,"/Overview/Working-at-Brilent-EI_IE1145544.11,18.htm",/Reviews/Brilent-Reviews-E1145544.htm,,"/Benefits/Brilent-US-Benefits-EI_IE1145544.0,7_IL.8,10_IN1.htm"
336,GoDaddy,"/Overview/Working-at-GoDaddy-EI_IE35337.11,18.htm",/Reviews/GoDaddy-Reviews-E35337.htm,/Interview/GoDaddy-Interview-Questions-E35337.htm,"/Benefits/GoDaddy-US-Benefits-EI_IE35337.0,7_IL.8,10_IN1.htm"
337,Imbellus,"/Overview/Working-at-Imbellus-EI_IE2286038.11,19.htm",/Reviews/Imbellus-Reviews-E2286038.htm,,
348,BiblioCommons,"/Overview/Working-at-BiblioCommons-EI_IE512616.11,24.htm",/Reviews/BiblioCommons-Reviews-E512616.htm,/Interview/BiblioCommons-Interview-Questions-E512616.htm,"/Benefits/BiblioCommons-US-Benefits-EI_IE512616.0,13_IL.14,16_IN1.htm"
350,Unity Health Toronto,"/Overview/Working-at-Unity-Health-Toronto-EI_IE3340751.11,31.htm",/Reviews/Unity-Health-Toronto-Reviews-E3340751.htm,,
352,"GE Lighting, A Savant Company","/Overview/Working-at-GE-Lighting-A-Savant-Company-EI_IE1359858.11,39.htm",/Reviews/GE-Lighting-A-Savant-Company-Reviews-E1359858.htm,/Interview/GE-Lighting-A-Savant-Company-Interview-Questions-E1359858.htm,"/Benefits/GE-Lighting-A-Savant-Company-US-Benefits-EI_IE1359858.0,28_IL.29,31_IN1.htm"
353,Fiddlehead,"/Overview/Working-at-Fiddlehead-EI_IE2096354.11,21.htm",/Reviews/Fiddlehead-Reviews-E2096354.htm,,
354,Genworth,"/Overview/Working-at-Genworth-EI_IE34925.11,19.htm",/Reviews/Genworth-Reviews-E34925.htm,/Interview/Genworth-Interview-Questions-E34925.htm,"/Benefits/Genworth-US-Benefits-EI_IE34925.0,8_IL.9,11_IN1.htm"
356,Orbis Investments,"/Overview/Working-at-Orbis-Investments-EI_IE426635.11,28.htm",/Reviews/Orbis-Investments-Reviews-E426635.htm,/Interview/Orbis-Investments-Interview-Questions-E426635.htm,"/Benefits/Orbis-Investments-US-Benefits-EI_IE426635.0,17_IL.18,20_IN1.htm"
357,2nd Address,"/Overview/Working-at-2nd-Address-EI_IE1197601.11,22.htm",/Reviews/2nd-Address-Reviews-E1197601.htm,/Interview/2nd-Address-Interview-Questions-E1197601.htm,"/Benefits/2nd-Address-US-Benefits-EI_IE1197601.0,11_IL.12,14_IN1.htm"
360,Elsevier,"/Overview/Working-at-Elsevier-EI_IE230096.11,19.htm",/Reviews/Elsevier-Reviews-E230096.htm,/Interview/Elsevier-Interview-Questions-E230096.htm,"/Benefits/Elsevier-US-Benefits-EI_IE230096.0,8_IL.9,11_IN1.htm"
361,Loblaw Digital,"/Overview/Working-at-Loblaw-Digital-EI_IE1263777.11,25.htm",/Reviews/Loblaw-Digital-Reviews-E1263777.htm,/Interview/Loblaw-Digital-Interview-Questions-E1263777.htm,"/Benefits/Loblaw-Digital-US-Benefits-EI_IE1263777.0,14_IL.15,17_IN1.htm"
365,Cirque du Soleil Entertainment Group,"/Overview/Working-at-Cirque-du-Soleil-Entertainment-Group-EI_IE7495.11,47.htm",/Reviews/Cirque-du-Soleil-Entertainment-Group-Reviews-E7495.htm,/Interview/Cirque-du-Soleil-Entertainment-Group-Interview-Questions-E7495.htm,"/Benefits/Cirque-du-Soleil-Entertainment-Group-US-Benefits-EI_IE7495.0,36_IL.37,39_IN1.htm"
366,1000ml,"/Overview/Working-at-1000ml-EI_IE3030383.11,17.htm",/Reviews/1000ml-Reviews-E3030383.htm,/Interview/1000ml-Interview-Questions-E3030383.htm,
367,Avanade,"/Overview/Working-at-Avanade-EI_IE11701.11,18.htm",/Reviews/Avanade-Reviews-E11701.htm,/Interview/Avanade-Interview-Questions-E11701.htm,"/Benefits/Avanade-US-Benefits-EI_IE11701.0,7_IL.8,10_IN1.htm"
368,dunnhumby,"/Overview/Working-at-dunnhumby-EI_IE195922.11,20.htm",/Reviews/dunnhumby-Reviews-E195922.htm,/Interview/dunnhumby-Interview-Questions-E195922.htm,"/Benefits/dunnhumby-US-Benefits-EI_IE195922.0,9_IL.10,12_IN1.htm"
376,Ontario Ministère des Transports,"/Overview/Working-at-Ontario-Ministère-des-Transports-EI_IE156350.11,43.htm",/Reviews/Ontario-Ministère-des-Transports-Reviews-E156350.htm,/Interview/Ontario-Ministère-des-Transports-Interview-Questions-E156350.htm,"/Benefits/Ontario-Ministère-des-Transports-US-Benefits-EI_IE156350.0,32_IL.33,35_IN1.htm"
379,BioWare,"/Overview/Working-at-BioWare-EI_IE22998.11,18.htm",/Reviews/BioWare-Reviews-E22998.htm,/Interview/BioWare-Interview-Questions-E22998.htm,"/Benefits/BioWare-US-Benefits-EI_IE22998.0,7_IL.8,10_IN1.htm"
380,FGF Brands,"/Overview/Working-at-FGF-Brands-EI_IE700647.11,21.htm",/Reviews/FGF-Brands-Reviews-E700647.htm,/Interview/FGF-Brands-Interview-Questions-E700647.htm,"/Benefits/FGF-Brands-US-Benefits-EI_IE700647.0,10_IL.11,13_IN1.htm"
382,Ayogo Health,"/Overview/Working-at-Ayogo-Health-EI_IE942024.11,23.htm",/Reviews/Ayogo-Health-Reviews-E942024.htm,/Interview/Ayogo-Health-Interview-Questions-E942024.htm,"/Benefits/Ayogo-Health-US-Benefits-EI_IE942024.0,12_IL.13,15_IN1.htm"
384,Buyavette,,/Reviews/Buyavette-Reviews-E1310856.htm,,
385,IATA,"/Overview/Working-at-IATA-EI_IE142523.11,15.htm",/Reviews/IATA-Reviews-E142523.htm,/Interview/IATA-Interview-Questions-E142523.htm,"/Benefits/IATA-US-Benefits-EI_IE142523.0,4_IL.5,7_IN1.htm"
393,Fraser Health,"/Overview/Working-at-Fraser-Health-EI_IE248782.11,24.htm",/Reviews/Fraser-Health-Reviews-E248782.htm,/Interview/Fraser-Health-Interview-Questions-E248782.htm,"/Benefits/Fraser-Health-US-Benefits-EI_IE248782.0,13_IL.14,16_IN1.htm"
394,Athabasca University,"/Overview/Working-at-Athabasca-University-EI_IE471233.11,31.htm",/Reviews/Athabasca-University-Reviews-E471233.htm,/Interview/Athabasca-University-Interview-Questions-E471233.htm,"/Benefits/Athabasca-University-US-Benefits-EI_IE471233.0,20_IL.21,23_IN1.htm"
396,Major cannabis company,,,,
397,goeasy,"/Overview/Working-at-goeasy-EI_IE19965.11,17.htm",/Reviews/goeasy-Reviews-E19965.htm,/Interview/goeasy-Interview-Questions-E19965.htm,"/Benefits/goeasy-US-Benefits-EI_IE19965.0,6_IL.7,9_IN1.htm"
