,company,position,salary,lower_bound_salary,upper_bound_salary,url
0,Capital One,Data Scientist,"CA$76,883/yr",CA$73K,CA$125K,"/Salary/Capital-One-Data-Scientist-Canada-Salaries-EJI_IE3736.0,11_KO12,26_IL.27,33_IN3.htm"
1,RBC,Data Scientist,"CA$90,000/yr",CA$55K,CA$135K,"/Salary/RBC-Data-Scientist-Canada-Salaries-EJI_IE3358.0,3_KO4,18_IL.19,25_IN3.htm"
2,Scotiabank,Data Scientist,"CA$96,176/yr",CA$74K,CA$103K,"/Salary/Scotiabank-Data-Scientist-Canada-Salaries-EJI_IE11013.0,10_KO11,25_IL.26,32_IN3.htm"
3,TD,Data Scientist,"CA$79,473/yr",CA$50K,CA$129K,"/Salary/TD-Data-Scientist-Canada-Salaries-EJI_IE3767.0,2_KO3,17_IL.18,24_IN3.htm"
4,Banque Nationale du Canada/National Bank of Canada,Data Scientist,"CA$74,945/yr",CA$71K,CA$90K,"/Salary/Banque-Nationale-du-Canada-National-Bank-of-Canada-Data-Scientist-Canada-Salaries-EJI_IE8010.0,50_KO51,65_IL.66,72_IN3.htm"
5,Loblaw Companies,Data Scientist,"CA$90,000/yr",CA$12K,CA$107K,"/Salary/Loblaw-Companies-Data-Scientist-Canada-Salaries-EJI_IE4141.0,16_KO17,31_IL.32,38_IN3.htm"
6,Shopify,Data Scientist,"CA$95,489/yr",CA$85K,CA$115K,"/Salary/Shopify-Data-Scientist-Canada-Salaries-EJI_IE675933.0,7_KO8,22_IL.23,29_IN3.htm"
7,Bell Canada,Data Scientist,"CA$80,501/yr",CA$66K,CA$108K,"/Salary/Bell-Canada-Data-Scientist-Canada-Salaries-EJI_IE118159.0,11_KO12,26_IL.27,33_IN3.htm"
8,RBC,Data Scientist - Hourly Intern,CA$27/hr,CA$21,CA$30,"/Intern-Salary/RBC-Canada-Internship-Salary-EI_IE3358.0,3_IL.4,10_IN3.htm?filter.jobTitleFTS=Data+Scientist"
9,IBM,Data Scientist,"CA$85,187/yr",CA$71K,CA$87K,"/Salary/IBM-Data-Scientist-Canada-Salaries-EJI_IE354.0,3_KO4,18_IL.19,25_IN3.htm"
10,Rogers Communications,Data Scientist,"CA$91,429/yr",CA$70K,CA$121K,"/Salary/Rogers-Communications-Data-Scientist-Canada-Salaries-EJI_IE3783.0,21_KO22,36_IL.37,43_IN3.htm"
11,Deloitte,Data Scientist,"CA$70,052/yr",CA$61K,CA$90K,"/Salary/Deloitte-Data-Scientist-Canada-Salaries-EJI_IE2763.0,8_KO9,23_IL.24,30_IN3.htm"
12,Boeing,Data Scientist,"CA$100,253/yr",CA$74K,CA$108K,"/Salary/Boeing-Data-Scientist-Canada-Salaries-EJI_IE102.0,6_KO7,21_IL.22,28_IN3.htm"
13,Intact,Data Scientist - Hourly Intern,CA$29/hr,CA$22,CA$33,"/Intern-Salary/Intact-Canada-Internship-Salary-EI_IE329903.0,6_IL.7,13_IN3.htm?filter.jobTitleFTS=Data+Scientist"
14,Stradigi AI,Data Scientist,"CA$75,110/yr",CA$70K,CA$82K,"/Salary/Stradigi-AI-Data-Scientist-Canada-Salaries-EJI_IE1100639.0,11_KO12,26_IL.27,33_IN3.htm"
15,Scotiabank,Data Scientist - Intern,"CA$63,171/yr",CA$57K,CA$82K,"/Intern-Salary/Scotiabank-Canada-Internship-Salary-EI_IE11013.0,10_IL.11,17_IN3.htm?filter.jobTitleFTS=Data+Scientist"
16,HSBC Holdings,Data Scientist - Hourly Intern,CA$30/hr,CA$30,CA$33,"/Intern-Salary/HSBC-Holdings-Canada-Internship-Salary-EI_IE3482.0,13_IL.14,20_IN3.htm?filter.jobTitleFTS=Data+Scientist"
17,Intact,Data Scientist,"CA$82,500/yr",CA$76K,CA$87K,"/Salary/Intact-Data-Scientist-Canada-Salaries-EJI_IE329903.0,6_KO7,21_IL.22,28_IN3.htm"
18,ATB Financial,Data Scientist,"CA$80,872/yr",CA$70K,CA$115K,"/Salary/ATB-Financial-Data-Scientist-Canada-Salaries-EJI_IE331202.0,13_KO14,28_IL.29,35_IN3.htm"
19,AeroInfo Systems,Data Scientist,"CA$81,545/yr",CA$79K,CA$99K,"/Salary/AeroInfo-Systems-Data-Scientist-Canada-Salaries-EJI_IE40049.0,16_KO17,31_IL.32,38_IN3.htm"
20,CIBC,Data Scientist - Hourly Intern,CA$27/hr,CA$21,CA$30,"/Intern-Salary/CIBC-Canada-Internship-Salary-EI_IE3115.0,4_IL.5,11_IN3.htm?filter.jobTitleFTS=Data+Scientist"
21,University of British Columbia,Data Scientist,"CA$76,000/yr",CA$41K,CA$80K,"/Salary/University-of-British-Columbia-Data-Scientist-Canada-Salaries-EJI_IE151190.0,30_KO31,45_IL.46,52_IN3.htm"
22,Shopify,Data Scientist - Hourly Intern,CA$37/hr,CA$31,CA$41,"/Intern-Salary/Shopify-Canada-Internship-Salary-EI_IE675933.0,7_IL.8,14_IN3.htm?filter.jobTitleFTS=Data+Scientist"
23,Ericsson-Worldwide,Data Scientist,"CA$137,112/yr",CA$67K,CA$181K,"/Salary/Ericsson-Worldwide-Data-Scientist-Canada-Salaries-EJI_IE3472.0,18_KO19,33_IL.34,40_IN3.htm"
24,LoyaltyOne,Data Scientist,"CA$92,921/yr",CA$74K,CA$97K,"/Salary/LoyaltyOne-Data-Scientist-Canada-Salaries-EJI_IE30540.0,10_KO11,25_IL.26,32_IN3.htm"
25,Aviva Canada,Data Scientist,"CA$97,276/yr",CA$69K,CA$115K,"/Salary/Aviva-Canada-Data-Scientist-Canada-Salaries-EJI_IE137164.0,12_KO13,27_IL.28,34_IN3.htm"
26,Thomson Reuters,Data Scientist - Hourly Intern,CA$40/hr,CA$35,CA$40,"/Intern-Salary/Thomson-Reuters-Canada-Internship-Salary-EI_IE100303.0,15_IL.16,22_IN3.htm?filter.jobTitleFTS=Data+Scientist"
27,Boston Consulting Group,Data Scientist,"CA$130,000/yr",CA$100K,CA$130K,"/Salary/Boston-Consulting-Group-Data-Scientist-Canada-Salaries-EJI_IE3879.0,23_KO24,38_IL.39,45_IN3.htm"
28,Geotab,Data Scientist,"CA$80,235/yr",CA$65K,CA$95K,"/Salary/Geotab-Data-Scientist-Canada-Salaries-EJI_IE922727.0,6_KO7,21_IL.22,28_IN3.htm"
29,Precima,Data Scientist,"CA$80,117/yr",CA$80K,CA$85K,"/Salary/Precima-Data-Scientist-Canada-Salaries-EJI_IE1140584.0,7_KO8,22_IL.23,29_IN3.htm"
30,Scotiabank,Data Scientist - Hourly Intern,$28 - CA$36hourly,CA$28,CA$36,"/Intern-Salary/Scotiabank-Canada-Internship-Salary-EI_IE11013.0,10_IL.11,17_IN3.htm?filter.jobTitleFTS=Data+Scientist"
31,CIBC,Data Scientist,$83K - CA$94K,CA$83K,CA$94K,"/Salary/CIBC-Data-Scientist-Canada-Salaries-EJI_IE3115.0,4_KO5,19_IL.20,26_IN3.htm"
32,IBM,Data Scientist - Hourly Intern,$30 - CA$34hourly,CA$30,CA$34,"/Intern-Salary/IBM-Canada-Internship-Salary-EI_IE354.0,3_IL.4,10_IN3.htm?filter.jobTitleFTS=Data+Scientist"
33,IBM,Data Scientist - Monthly Intern,$4K - CA$5K,CA$4K,CA$5K,"/Intern-Salary/IBM-Canada-Internship-Salary-EI_IE354.0,3_IL.4,10_IN3.htm?filter.jobTitleFTS=Data+Scientist"
34,TELUS,Data Scientist,$96K - CA$107K,CA$96K,CA$107K,"/Salary/TELUS-Data-Scientist-Canada-Salaries-EJI_IE8006.0,5_KO6,20_IL.21,27_IN3.htm"
35,Deloitte,Data Scientist - Hourly Intern,$20 - CA$28hourly,CA$20,CA$28,"/Intern-Salary/Deloitte-Canada-Internship-Salary-EI_IE2763.0,8_IL.9,15_IN3.htm?filter.jobTitleFTS=Data+Scientist"
36,Deloitte,Data Scientist - Intern,$53K - CA$67K,CA$53K,CA$67K,"/Intern-Salary/Deloitte-Canada-Internship-Salary-EI_IE2763.0,8_IL.9,15_IN3.htm?filter.jobTitleFTS=Data+Scientist"
37,KPMG,Data Scientist,$67K - CA$74K,CA$67K,CA$74K,"/Salary/KPMG-Data-Scientist-Canada-Salaries-EJI_IE2867.0,4_KO5,19_IL.20,26_IN3.htm"
38,Manulife,Data Scientist,$76K - CA$93K,CA$76K,CA$93K,"/Salary/Manulife-Data-Scientist-Canada-Salaries-EJI_IE9373.0,8_KO9,23_IL.24,30_IN3.htm"
39,Bombardier,Data Scientist - Hourly Intern,$19 - CA$21hourly,CA$19,CA$21,"/Intern-Salary/Bombardier-Canada-Internship-Salary-EI_IE242883.0,10_IL.11,17_IN3.htm?filter.jobTitleFTS=Data+Scientist"
40,Canada Post,Data Scientist,$90K - CA$105K,CA$90K,CA$105K,"/Salary/Canada-Post-Data-Scientist-Canada-Salaries-EJI_IE8747.0,11_KO12,26_IL.27,33_IN3.htm"
41,Electronic Arts,Data Scientist,$93K - CA$136K,CA$93K,CA$136K,"/Salary/Electronic-Arts-Data-Scientist-Canada-Salaries-EJI_IE1628.0,15_KO16,30_IL.31,37_IN3.htm"
42,Ubisoft,Data Scientist,$72K - CA$124K,CA$72K,CA$124K,"/Salary/Ubisoft-Data-Scientist-Canada-Salaries-EJI_IE12717.0,7_KO8,22_IL.23,29_IN3.htm"
43,CN,Data Scientist,$63K - CA$115K,CA$63K,CA$115K,"/Salary/CN-Data-Scientist-Canada-Salaries-EJI_IE4455.0,2_KO3,17_IL.18,24_IN3.htm"
44,Capital One,Data Scientist - Hourly Intern,$25 - CA$35hourly,CA$25,CA$35,"/Intern-Salary/Capital-One-Canada-Internship-Salary-EI_IE3736.0,11_IL.12,18_IN3.htm?filter.jobTitleFTS=Data+Scientist"
45,Morgan Stanley,Data Scientist - Contractor,$130K - CA$164K,CA$130K,CA$164K,"/Contractors-Salary/Morgan-Stanley-Canada-Contractor-Salary-EI_IE2282.0,14_IL.15,21_IN3.htm?filter.jobTitleFTS=Data+Scientist"
46,Teck Resources,Data Scientist,$77K - CA$88K,CA$77K,CA$88K,"/Salary/Teck-Resources-Data-Scientist-Canada-Salaries-EJI_IE8001.0,14_KO15,29_IL.30,36_IN3.htm"
47,Statistics Canada,Data Scientist - Hourly Intern,$19 - CA$24hourly,CA$19,CA$24,"/Intern-Salary/Statistics-Canada-Canada-Internship-Salary-EI_IE148502.0,17_IL.18,24_IN3.htm?filter.jobTitleFTS=Data+Scientist"
48,Statistics Canada,Data Scientist,$57K - CA$82K,CA$57K,CA$82K,"/Salary/Statistics-Canada-Data-Scientist-Canada-Salaries-EJI_IE148502.0,17_KO18,32_IL.33,39_IN3.htm"
49,Moneris,Data Scientist - Hourly Intern,$20 - CA$22hourly,CA$20,CA$22,"/Intern-Salary/Moneris-Canada-Internship-Salary-EI_IE16506.0,7_IL.8,14_IN3.htm?filter.jobTitleFTS=Data+Scientist"
50,Flipp,Data Scientist,$84K - CA$115K,CA$84K,CA$115K,"/Salary/Flipp-Data-Scientist-Canada-Salaries-EJI_IE970799.0,5_KO6,20_IL.21,27_IN3.htm"
51,Aimia,Data Scientist,$60K - CA$100K,CA$60K,CA$100K,"/Salary/Aimia-Data-Scientist-Canada-Salaries-EJI_IE461967.0,5_KO6,20_IL.21,27_IN3.htm"
52,ecobee,Data Scientist,$98K - CA$132K,CA$98K,CA$132K,"/Salary/ecobee-Data-Scientist-Canada-Salaries-EJI_IE773542.0,6_KO7,21_IL.22,28_IN3.htm"
53,IQVIA,Data Scientist,$79K - CA$104K,CA$79K,CA$104K,"/Salary/IQVIA-Data-Scientist-Canada-Salaries-EJI_IE8347.0,5_KO6,20_IL.21,27_IN3.htm"
54,Realtor.com,Data Scientist,$89K - CA$103K,CA$89K,CA$103K,"/Salary/Realtor-com-Data-Scientist-Canada-Salaries-EJI_IE9380.0,11_KO12,26_IL.27,33_IN3.htm"
55,Equifax,Data Scientist,$101K - CA$124K,CA$101K,CA$124K,"/Salary/Equifax-Data-Scientist-Canada-Salaries-EJI_IE232.0,7_KO8,22_IL.23,29_IN3.htm"
56,Pelmorex Corp,Data Scientist,$86K - CA$94K,CA$86K,CA$94K,"/Salary/Pelmorex-Corp-Data-Scientist-Canada-Salaries-EJI_IE471109.0,13_KO14,28_IL.29,35_IN3.htm"
57,Hothead Games,Data Scientist,$50K - CA$126K,CA$50K,CA$126K,"/Salary/Hothead-Games-Data-Scientist-Canada-Salaries-EJI_IE826642.0,13_KO14,28_IL.29,35_IN3.htm"
58,Sysomos,Data Scientist - Hourly Intern,$25 - CA$27hourly,CA$25,CA$27,"/Intern-Salary/Sysomos-Canada-Internship-Salary-EI_IE663336.0,7_IL.8,14_IN3.htm?filter.jobTitleFTS=Data+Scientist"
59,Enel X,Data Scientist,$89K - CA$96K,CA$89K,CA$96K,"/Salary/Enel-X-Data-Scientist-Canada-Salaries-EJI_IE42516.0,6_KO7,21_IL.22,28_IN3.htm"
60,Two Hat Security,Data Scientist,$65K - CA$74K,CA$65K,CA$74K,"/Salary/Two-Hat-Security-Data-Scientist-Canada-Salaries-EJI_IE1327313.0,16_KO17,31_IL.32,38_IN3.htm"
61,NuData Security,Data Scientist,$103K - CA$115K,CA$103K,CA$115K,"/Salary/NuData-Security-Data-Scientist-Canada-Salaries-EJI_IE1360773.0,15_KO16,30_IL.31,37_IN3.htm"
62,POWERSHiFTER,Data Scientist - Hourly Contractor,$24 - CA$27hourly,CA$24,CA$27,"/Contractors-Salary/POWERSHiFTER-Canada-Contractor-Salary-EI_IE1320131.0,12_IL.13,19_IN3.htm?filter.jobTitleFTS=Data+Scientist"
63,Efficiency One,Data Scientist,$57K - CA$62K,CA$57K,CA$62K,"/Salary/Efficiency-One-Data-Scientist-Canada-Salaries-EJI_IE3401865.0,14_KO15,29_IL.30,36_IN3.htm"
64,Knowtions,Data Scientist,$80K - CA$105K,CA$80K,CA$105K,"/Salary/Knowtions-Data-Scientist-Canada-Salaries-EJI_IE1506662.0,9_KO10,24_IL.25,31_IN3.htm"
65,TD,Data Scientist - Hourly Intern,$24 - CA$25hourly,CA$24,CA$25,"/Intern-Salary/TD-Canada-Internship-Salary-EI_IE3767.0,2_IL.3,9_IN3.htm?filter.jobTitleFTS=Data+Scientist"
66,TD,Data Scientist - Hourly,$24 - CA$26hourly,CA$24,CA$26,"/Hourly-Pay/TD-Data-Scientist-Canada-Hourly-Pay-EJI_IE3767.0,2_KO3,17_IL.18,24_IN3.htm"
67,TD,Data Scientist - Intern,$44K - CA$47K,CA$44K,CA$47K,"/Intern-Salary/TD-Canada-Internship-Salary-EI_IE3767.0,2_IL.3,9_IN3.htm?filter.jobTitleFTS=Data+Scientist"
68,RBC,Data Scientist - Monthly,$8K - CA$9K,CA$8K,CA$9K,"/Monthly-Pay/RBC-Data-Scientist-Canada-Monthly-Pay-EJI_IE3358.0,3_KO4,18_IL.19,25_IN3.htm"
69,RBC,Data Scientist - Hourly Contractor,$27 - CA$29hourly,CA$27,CA$29,"/Contractors-Salary/RBC-Canada-Contractor-Salary-EI_IE3358.0,3_IL.4,10_IN3.htm?filter.jobTitleFTS=Data+Scientist"
70,Scotiabank,Data Scientist - Monthly Intern,$5K - CA$5K,CA$5K,CA$5K,"/Intern-Salary/Scotiabank-Canada-Internship-Salary-EI_IE11013.0,10_IL.11,17_IN3.htm?filter.jobTitleFTS=Data+Scientist"
71,University of Toronto,Data Scientist,$68K - CA$73K,CA$68K,CA$73K,"/Salary/University-of-Toronto-Data-Scientist-Canada-Salaries-EJI_IE31043.0,21_KO22,36_IL.37,43_IN3.htm"
72,Walmart,Data Scientist - Hourly Contractor,$34 - CA$36hourly,CA$34,CA$36,"/Contractors-Salary/Walmart-Canada-Contractor-Salary-EI_IE715.0,7_IL.8,14_IN3.htm?filter.jobTitleFTS=Data+Scientist"
73,BMO Financial Group,Data Scientist - Intern,$44K - CA$47K,CA$44K,CA$47K,"/Intern-Salary/BMO-Financial-Group-Canada-Internship-Salary-EI_IE3765.0,19_IL.20,26_IN3.htm?filter.jobTitleFTS=Data+Scientist"
74,BMO Financial Group,Data Scientist,$10K - CA$10K,CA$10K,CA$10K,"/Salary/BMO-Financial-Group-Data-Scientist-Canada-Salaries-EJI_IE3765.0,19_KO20,34_IL.35,41_IN3.htm"
75,Loblaw Companies,Data Scientist - Hourly,$14 - CA$15hourly,CA$14,CA$15,"/Hourly-Pay/Loblaw-Companies-Data-Scientist-Canada-Hourly-Pay-EJI_IE4141.0,16_KO17,31_IL.32,38_IN3.htm"
76,Loblaw Companies,Data Scientist - Hourly Intern,$27 - CA$30hourly,CA$27,CA$30,"/Intern-Salary/Loblaw-Companies-Canada-Internship-Salary-EI_IE4141.0,16_IL.17,23_IN3.htm?filter.jobTitleFTS=Data+Scientist"
77,Loblaw Companies,Data Scientist - Contractor,$76K - CA$84K,CA$76K,CA$84K,"/Contractors-Salary/Loblaw-Companies-Canada-Contractor-Salary-EI_IE4141.0,16_IL.17,23_IN3.htm?filter.jobTitleFTS=Data+Scientist"
78,BlackBerry,Data Scientist,$81K - CA$88K,CA$81K,CA$88K,"/Salary/BlackBerry-Data-Scientist-Canada-Salaries-EJI_IE9091.0,10_KO11,25_IL.26,32_IN3.htm"
79,BlackBerry,Data Scientist - Hourly Intern,$23 - CA$24hourly,CA$23,CA$24,"/Intern-Salary/BlackBerry-Canada-Internship-Salary-EI_IE9091.0,10_IL.11,17_IN3.htm?filter.jobTitleFTS=Data+Scientist"
80,University of Waterloo,Data Scientist,$67K - CA$73K,CA$67K,CA$73K,"/Salary/University-of-Waterloo-Data-Scientist-Canada-Salaries-EJI_IE141839.0,22_KO23,37_IL.38,44_IN3.htm"
81,CGI,Data Scientist - Intern,$48K - CA$52K,CA$48K,CA$52K,"/Intern-Salary/CGI-Canada-Internship-Salary-EI_IE8452.0,3_IL.4,10_IN3.htm?filter.jobTitleFTS=Data+Scientist"
82,Canadian Tire,Data Scientist,$81K - CA$88K,CA$81K,CA$88K,"/Salary/Canadian-Tire-Data-Scientist-Canada-Salaries-EJI_IE7045.0,13_KO14,28_IL.29,35_IN3.htm"
83,McMaster University,Data Scientist - Contractor,$63K - CA$68K,CA$63K,CA$68K,"/Contractors-Salary/McMaster-University-Canada-Contractor-Salary-EI_IE34287.0,19_IL.20,26_IN3.htm?filter.jobTitleFTS=Data+Scientist"
84,Manulife,Data Scientist - Contractor,$105K - CA$114K,CA$105K,CA$114K,"/Contractors-Salary/Manulife-Canada-Contractor-Salary-EI_IE9373.0,8_IL.9,15_IN3.htm?filter.jobTitleFTS=Data+Scientist"
85,BC Hydro,Data Scientist - Hourly Contractor,$39 - CA$42hourly,CA$39,CA$42,"/Contractors-Salary/BC-Hydro-Canada-Contractor-Salary-EI_IE34974.0,8_IL.9,15_IN3.htm?filter.jobTitleFTS=Data+Scientist"
86,Accenture,Data Scientist,$64K - CA$70K,CA$64K,CA$70K,"/Salary/Accenture-Data-Scientist-Canada-Salaries-EJI_IE4138.0,9_KO10,24_IL.25,31_IN3.htm"
87,McGill University,Data Scientist,$43K - CA$47K,CA$43K,CA$47K,"/Salary/McGill-University-Data-Scientist-Canada-Salaries-EJI_IE34277.0,17_KO18,32_IL.33,39_IN3.htm"
88,SAP,Data Scientist - Hourly,$24 - CA$26hourly,CA$24,CA$26,"/Hourly-Pay/SAP-Data-Scientist-Canada-Hourly-Pay-EJI_IE10471.0,3_KO4,18_IL.19,25_IN3.htm"
89,SAP,Data Scientist - Hourly Intern,$24 - CA$26hourly,CA$24,CA$26,"/Intern-Salary/SAP-Canada-Internship-Salary-EI_IE10471.0,3_IL.4,10_IN3.htm?filter.jobTitleFTS=Data+Scientist"
90,Ryerson University,Data Scientist,$50K - CA$53K,CA$50K,CA$53K,"/Salary/Ryerson-University-Data-Scientist-Canada-Salaries-EJI_IE298489.0,18_KO19,33_IL.34,40_IN3.htm"
91,University of Calgary,Data Scientist,$78K - CA$86K,CA$78K,CA$86K,"/Salary/University-of-Calgary-Data-Scientist-Canada-Salaries-EJI_IE30376.0,21_KO22,36_IL.37,43_IN3.htm"
92,Sun Life,Data Scientist,$98K - CA$106K,CA$98K,CA$106K,"/Salary/Sun-Life-Data-Scientist-Canada-Salaries-EJI_IE11568.0,8_KO9,23_IL.24,30_IN3.htm"
93,Government of Canada,Data Scientist,$67K - CA$72K,CA$67K,CA$72K,"/Salary/Government-of-Canada-Data-Scientist-Canada-Salaries-EJI_IE156734.0,20_KO21,35_IL.36,42_IN3.htm"
94,Banque Nationale du Canada/National Bank of Canada,Data Scientist,$74K - CA$79K,CA$74K,CA$79K,"/Salary/Banque-Nationale-du-Canada-National-Bank-of-Canada-Data-Scientist-Canada-Salaries-EJI_IE8010.0,50_KO51,65_IL.66,72_IN3.htm"
95,Banque Nationale du Canada/National Bank of Canada,Data Scientist - Intern,$58K - CA$62K,CA$58K,CA$62K,"/Intern-Salary/Banque-Nationale-du-Canada-National-Bank-of-Canada-Canada-Internship-Salary-EI_IE8010.0,50_IL.51,57_IN3.htm?filter.jobTitleFTS=Data+Scientist"
96,Ubisoft,Data Scientist - Intern,$29K - CA$32K,CA$29K,CA$32K,"/Intern-Salary/Ubisoft-Canada-Internship-Salary-EI_IE12717.0,7_IL.8,14_IN3.htm?filter.jobTitleFTS=Data+Scientist"
97,Carleton University,Data Scientist,$310K - CA$342K,CA$310K,CA$342K,"/Salary/Carleton-University-Data-Scientist-Canada-Salaries-EJI_IE195519.0,19_KO20,34_IL.35,41_IN3.htm"
98,Shopify,Data Scientist - Intern,$92K - CA$99K,CA$92K,CA$99K,"/Intern-Salary/Shopify-Canada-Internship-Salary-EI_IE675933.0,7_IL.8,14_IN3.htm?filter.jobTitleFTS=Data+Scientist"
99,Shopify,Data Scientist - Intern,$74K - $82K,$74K,$82K,"/Intern-Salary/Shopify-Canada-Internship-Salary-EI_IE675933.0,7_IL.8,14_IN3.htm?filter.jobTitleFTS=Data+Scientist"
100,Shopify,Data Scientist - Monthly Intern,$6K - CA$6K,CA$6K,CA$6K,"/Intern-Salary/Shopify-Canada-Internship-Salary-EI_IE675933.0,7_IL.8,14_IN3.htm?filter.jobTitleFTS=Data+Scientist"
101,Microsoft,Data Scientist,$97K - CA$105K,CA$97K,CA$105K,"/Salary/Microsoft-Data-Scientist-Canada-Salaries-EJI_IE1651.0,9_KO10,24_IL.25,31_IN3.htm"
102,ATB Financial,Data Scientist - Hourly,$57 - CA$62hourly,CA$57,CA$62,"/Hourly-Pay/ATB-Financial-Data-Scientist-Canada-Hourly-Pay-EJI_IE331202.0,13_KO14,28_IL.29,35_IN3.htm"
103,GoodLife Fitness,Data Scientist,$61K - CA$66K,CA$61K,CA$66K,"/Salary/GoodLife-Fitness-Data-Scientist-Canada-Salaries-EJI_IE216278.0,16_KO17,31_IL.32,38_IN3.htm"
104,MNP LLP,Data Scientist,$97K - CA$104K,CA$97K,CA$104K,"/Salary/MNP-LLP-Data-Scientist-Canada-Salaries-EJI_IE112544.0,7_KO8,22_IL.23,29_IN3.htm"
105,Concordia University,Data Scientist,$21K - CA$23K,CA$21K,CA$23K,"/Salary/Concordia-University-Data-Scientist-Canada-Salaries-EJI_IE253618.0,20_KO21,35_IL.36,42_IN3.htm"
106,Cisco Systems,Data Scientist,$81K - CA$88K,CA$81K,CA$88K,"/Salary/Cisco-Systems-Data-Scientist-Canada-Salaries-EJI_IE1425.0,13_KO14,28_IL.29,35_IN3.htm"
107,Cisco Systems,Data Scientist - Hourly Intern,$40 - CA$44hourly,CA$40,CA$44,"/Intern-Salary/Cisco-Systems-Canada-Internship-Salary-EI_IE1425.0,13_IL.14,20_IN3.htm?filter.jobTitleFTS=Data+Scientist"
108,Morgan Stanley,Data Scientist,$58K - CA$63K,CA$58K,CA$63K,"/Salary/Morgan-Stanley-Data-Scientist-Canada-Salaries-EJI_IE2282.0,14_KO15,29_IL.30,36_IN3.htm"
109,LoyaltyOne,Data Scientist - Intern,$48K - CA$52K,CA$48K,CA$52K,"/Intern-Salary/LoyaltyOne-Canada-Internship-Salary-EI_IE30540.0,10_IL.11,17_IN3.htm?filter.jobTitleFTS=Data+Scientist"
110,LoyaltyOne,Data Scientist - Hourly Intern,$31 - CA$33hourly,CA$31,CA$33,"/Intern-Salary/LoyaltyOne-Canada-Internship-Salary-EI_IE30540.0,10_IL.11,17_IN3.htm?filter.jobTitleFTS=Data+Scientist"
111,Pratt & Whitney Canada,Data Scientist - Monthly Intern,$2K - CA$3K,CA$2K,CA$3K,"/Intern-Salary/Pratt-and-Whitney-Canada-Canada-Internship-Salary-EI_IE27071.0,24_IL.25,31_IN3.htm?filter.jobTitleFTS=Data+Scientist"
112,CBC/Radio-Canada,Data Scientist,$82K - CA$89K,CA$82K,CA$89K,"/Salary/CBC-Radio-Canada-Data-Scientist-Canada-Salaries-EJI_IE9051.0,16_KO17,31_IL.32,38_IN3.htm"
113,Hootsuite,Data Scientist,$81K - CA$88K,CA$81K,CA$88K,"/Salary/Hootsuite-Data-Scientist-Canada-Salaries-EJI_IE617216.0,9_KO10,24_IL.25,31_IN3.htm"
114,BGIS,Data Scientist,$107K - CA$114K,CA$107K,CA$114K,"/Salary/BGIS-Data-Scientist-Canada-Salaries-EJI_IE1098670.0,4_KO5,19_IL.20,26_IN3.htm"
115,Google,Data Scientist,$38K - CA$42K,CA$38K,CA$42K,"/Salary/Google-Data-Scientist-Canada-Salaries-EJI_IE9079.0,6_KO7,21_IL.22,28_IN3.htm"
116,University of Victoria,Data Scientist - Contractor,$81K - CA$88K,CA$81K,CA$88K,"/Contractors-Salary/University-of-Victoria-Canada-Contractor-Salary-EI_IE146432.0,22_IL.23,29_IN3.htm?filter.jobTitleFTS=Data+Scientist"
117,Ontario Teachers' Pension Plan,Data Scientist - Hourly Intern,$24 - CA$26hourly,CA$24,CA$26,"/Intern-Salary/Ontario-Teachers-Pension-Plan-Canada-Internship-Salary-EI_IE33544.0,29_IL.30,36_IN3.htm?filter.jobTitleFTS=Data+Scientist"
118,Statistics Canada,Data Scientist - Intern,$29K - CA$31K,CA$29K,CA$31K,"/Intern-Salary/Statistics-Canada-Canada-Internship-Salary-EI_IE148502.0,17_IL.18,24_IN3.htm?filter.jobTitleFTS=Data+Scientist"
119,Statistics Canada,Data Scientist - Hourly,$22 - CA$24hourly,CA$22,CA$24,"/Hourly-Pay/Statistics-Canada-Data-Scientist-Canada-Hourly-Pay-EJI_IE148502.0,17_KO18,32_IL.33,39_IN3.htm"
120,Ontario Ministry of Education,Data Scientist,$76K - CA$81K,CA$76K,CA$81K,"/Salary/Ontario-Ministry-of-Education-Data-Scientist-Canada-Salaries-EJI_IE254966.0,29_KO30,44_IL.45,51_IN3.htm"
121,Fortinet,Data Scientist,$91K - CA$97K,CA$91K,CA$97K,"/Salary/Fortinet-Data-Scientist-Canada-Salaries-EJI_IE23128.0,8_KO9,23_IL.24,30_IN3.htm"
122,PointClickCare,Data Scientist,$79K - CA$86K,CA$79K,CA$86K,"/Salary/PointClickCare-Data-Scientist-Canada-Salaries-EJI_IE452666.0,14_KO15,29_IL.30,36_IN3.htm"
123,Sanofi,Data Scientist - Hourly Intern,$26 - CA$28hourly,CA$26,CA$28,"/Intern-Salary/Sanofi-Canada-Internship-Salary-EI_IE9347.0,6_IL.7,13_IN3.htm?filter.jobTitleFTS=Data+Scientist"
124,WorkSafeBC,Data Scientist,$130K - CA$140K,CA$130K,CA$140K,"/Salary/WorkSafeBC-Data-Scientist-Canada-Salaries-EJI_IE150646.0,10_KO11,25_IL.26,32_IN3.htm"
125,Gameloft,Data Scientist,$67K - CA$73K,CA$67K,CA$73K,"/Salary/Gameloft-Data-Scientist-Canada-Salaries-EJI_IE18006.0,8_KO9,23_IL.24,30_IN3.htm"
126,Ministry of the Environment and Climate Change,Data Scientist,$88K - CA$95K,CA$88K,CA$95K,"/Salary/Ministry-of-the-Environment-and-Climate-Change-Data-Scientist-Canada-Salaries-EJI_IE389769.0,46_KO47,61_IL.62,68_IN3.htm"
127,BMO Capital Markets,Data Scientist - Intern,$64K - CA$70K,CA$64K,CA$70K,"/Intern-Salary/BMO-Capital-Markets-Canada-Internship-Salary-EI_IE27668.0,19_IL.20,26_IN3.htm?filter.jobTitleFTS=Data+Scientist"
128,Flipp,Data Scientist - Hourly Intern,$17 - CA$18hourly,CA$17,CA$18,"/Intern-Salary/Flipp-Canada-Internship-Salary-EI_IE970799.0,5_IL.6,12_IN3.htm?filter.jobTitleFTS=Data+Scientist"
129,Top Hat,Data Scientist,$96K - CA$104K,CA$96K,CA$104K,"/Salary/Top-Hat-Data-Scientist-Canada-Salaries-EJI_IE527419.0,7_KO8,22_IL.23,29_IN3.htm"
130,SSENSE,Data Scientist,$68K - CA$74K,CA$68K,CA$74K,"/Salary/SSENSE-Data-Scientist-Canada-Salaries-EJI_IE475746.0,6_KO7,21_IL.22,28_IN3.htm"
131,Environment Canada,Data Scientist,$67K - CA$72K,CA$67K,CA$72K,"/Salary/Environment-Canada-Data-Scientist-Canada-Salaries-EJI_IE196041.0,18_KO19,33_IL.34,40_IN3.htm"
132,Cossette Communication,Data Scientist,$62K - CA$69K,CA$62K,CA$69K,"/Salary/Cossette-Communication-Data-Scientist-Canada-Salaries-EJI_IE18509.0,22_KO23,37_IL.38,44_IN3.htm"
133,GlaxoSmithKline,Data Scientist,$91K - CA$98K,CA$91K,CA$98K,"/Salary/GlaxoSmithKline-Data-Scientist-Canada-Salaries-EJI_IE3477.0,15_KO16,30_IL.31,37_IN3.htm"
134,Lightspeed,Data Scientist,$71K - CA$78K,CA$71K,CA$78K,"/Salary/Lightspeed-Data-Scientist-Canada-Salaries-EJI_IE648762.0,10_KO11,25_IL.26,32_IN3.htm"
135,St. Michael's Hospital,Data Scientist - Hourly,$35 - CA$38hourly,CA$35,CA$38,"/Hourly-Pay/St-Michael-s-Hospital-Data-Scientist-Canada-Hourly-Pay-EJI_IE485054.0,21_KO22,36_IL.37,43_IN3.htm"
136,Kingston General Hospital,Data Scientist,$80K - CA$86K,CA$80K,CA$86K,"/Salary/Kingston-General-Hospital-Data-Scientist-Canada-Salaries-EJI_IE101113.0,25_KO26,40_IL.41,47_IN3.htm"
137,Unilever,Data Scientist,$77K - CA$83K,CA$77K,CA$83K,"/Salary/Unilever-Data-Scientist-Canada-Salaries-EJI_IE3513.0,8_KO9,23_IL.24,30_IN3.htm"
138,ABC,Data Scientist,$77K - CA$83K,CA$77K,CA$83K,"/Salary/ABC-Data-Scientist-Canada-Salaries-EJI_IE130.0,3_KO4,18_IL.19,25_IN3.htm"
139,ABC,Data Scientist,$77K - CA$84K,CA$77K,CA$84K,"/Salary/ABC-Data-Scientist-Canada-Salaries-EJI_IE130.0,3_KO4,18_IL.19,25_IN3.htm"
140,Health Canada,Data Scientist,$80K - CA$88K,CA$80K,CA$88K,"/Salary/Health-Canada-Data-Scientist-Canada-Salaries-EJI_IE218307.0,13_KO14,28_IL.29,35_IN3.htm"
141,IQVIA,Data Scientist,$38K - CA$41K,CA$38K,CA$41K,"/Salary/IQVIA-Data-Scientist-Canada-Salaries-EJI_IE8347.0,5_KO6,20_IL.21,27_IN3.htm"
142,Ritchie Bros.,Data Scientist,$104K - CA$112K,CA$104K,CA$112K,"/Salary/Ritchie-Bros-Data-Scientist-Canada-Salaries-EJI_IE7886.0,12_KO13,27_IL.28,34_IN3.htm"
143,Self,Data Scientist,$96K - CA$103K,CA$96K,CA$103K,"/Salary/Self-Data-Scientist-Canada-Salaries-EJI_IE1560378.0,4_KO5,19_IL.20,26_IN3.htm"
144,Nutrien,Data Scientist,$72K - CA$78K,CA$72K,CA$78K,"/Salary/Nutrien-Data-Scientist-Canada-Salaries-EJI_IE2017225.0,7_KO8,22_IL.23,29_IN3.htm"
145,Tech Mahindra,Data Scientist,$67K - CA$72K,CA$67K,CA$72K,"/Salary/Tech-Mahindra-Data-Scientist-Canada-Salaries-EJI_IE135932.0,13_KO14,28_IL.29,35_IN3.htm"
146,Finastra,Data Scientist,$76K - CA$83K,CA$76K,CA$83K,"/Salary/Finastra-Data-Scientist-Canada-Salaries-EJI_IE1689268.0,8_KO9,23_IL.24,30_IN3.htm"
147,Alberta Motor Association,Data Scientist,$82K - CA$89K,CA$82K,CA$89K,"/Salary/Alberta-Motor-Association-Data-Scientist-Canada-Salaries-EJI_IE212921.0,25_KO26,40_IL.41,47_IN3.htm"
148,Revenu Quebec,Data Scientist,$84K - CA$91K,CA$84K,CA$91K,"/Salary/Revenu-Quebec-Data-Scientist-Canada-Salaries-EJI_IE454241.0,13_KO14,28_IL.29,35_IN3.htm"
149,Toronto Star,Data Scientist,$58K - CA$63K,CA$58K,CA$63K,"/Salary/Toronto-Star-Data-Scientist-Canada-Salaries-EJI_IE346756.0,12_KO13,27_IL.28,34_IN3.htm"
150,Federal Government,Data Scientist,$117K - CA$127K,CA$117K,CA$127K,"/Salary/Federal-Government-Data-Scientist-Canada-Salaries-EJI_IE236635.0,18_KO19,33_IL.34,40_IN3.htm"
151,Tucows,Data Scientist,$63K - CA$68K,CA$63K,CA$68K,"/Salary/Tucows-Data-Scientist-Canada-Salaries-EJI_IE6018.0,6_KO7,21_IL.22,28_IN3.htm"
152,Kronos Incorporated,Data Scientist,$70K - CA$77K,CA$70K,CA$77K,"/Salary/Kronos-Incorporated-Data-Scientist-Canada-Salaries-EJI_IE2196.0,19_KO20,34_IL.35,41_IN3.htm"
153,Employment and Social Development Canada,Data Scientist,$56K - CA$61K,CA$56K,CA$61K,"/Salary/Employment-and-Social-Development-Canada-Data-Scientist-Canada-Salaries-EJI_IE818781.0,40_KO41,55_IL.56,62_IN3.htm"
154,The Globe & Mail,Data Scientist - Intern,$58K - CA$63K,CA$58K,CA$63K,"/Intern-Salary/The-Globe-and-Mail-Canada-Internship-Salary-EI_IE391664.0,18_IL.19,25_IN3.htm?filter.jobTitleFTS=Data+Scientist"
155,Pratt & Whitney,Data Scientist,$44K - CA$48K,CA$44K,CA$48K,"/Salary/Pratt-and-Whitney-Data-Scientist-Canada-Salaries-EJI_IE11041.0,17_KO18,32_IL.33,39_IN3.htm"
156,Northbridge Insurance,Data Scientist - Hourly Intern,$25 - CA$27hourly,CA$25,CA$27,"/Intern-Salary/Northbridge-Insurance-Canada-Internship-Salary-EI_IE503430.0,21_IL.22,28_IN3.htm?filter.jobTitleFTS=Data+Scientist"
157,Pitney Bowes,Data Scientist,$86K - CA$93K,CA$86K,CA$93K,"/Salary/Pitney-Bowes-Data-Scientist-Canada-Salaries-EJI_IE535.0,12_KO13,27_IL.28,34_IN3.htm"
158,Yardi Systems,Data Scientist,$71K - CA$77K,CA$71K,CA$77K,"/Salary/Yardi-Systems-Data-Scientist-Canada-Salaries-EJI_IE31057.0,13_KO14,28_IL.29,35_IN3.htm"
159,Seedbox Technologies,Data Scientist,$49K - CA$53K,CA$49K,CA$53K,"/Salary/Seedbox-Technologies-Data-Scientist-Canada-Salaries-EJI_IE680856.0,20_KO21,35_IL.36,42_IN3.htm"
160,Rocky Mountaineer,Data Scientist,$63K - CA$67K,CA$63K,CA$67K,"/Salary/Rocky-Mountaineer-Data-Scientist-Canada-Salaries-EJI_IE131661.0,17_KO18,32_IL.33,39_IN3.htm"
161,Jewish General Hospital,Data Scientist - Hourly,$25 - CA$27hourly,CA$25,CA$27,"/Hourly-Pay/Jewish-General-Hospital-Data-Scientist-Canada-Hourly-Pay-EJI_IE300440.0,23_KO24,38_IL.39,45_IN3.htm"
162,Canadian Food Inspection Agency,Data Scientist,$77K - CA$83K,CA$77K,CA$83K,"/Salary/Canadian-Food-Inspection-Agency-Data-Scientist-Canada-Salaries-EJI_IE580936.0,31_KO32,46_IL.47,53_IN3.htm"
163,Unbounce,Data Scientist,$116K - CA$125K,CA$116K,CA$125K,"/Salary/Unbounce-Data-Scientist-Canada-Salaries-EJI_IE1011784.0,8_KO9,23_IL.24,30_IN3.htm"
164,League,Data Scientist,$97K - CA$103K,CA$97K,CA$103K,"/Salary/League-Data-Scientist-Canada-Salaries-EJI_IE1165876.0,6_KO7,21_IL.22,28_IN3.htm"
165,Sauder School of Business,Data Scientist - Hourly,$21 - CA$23hourly,CA$21,CA$23,"/Hourly-Pay/Sauder-School-of-Business-Data-Scientist-Canada-Hourly-Pay-EJI_IE487140.0,25_KO26,40_IL.41,47_IN3.htm"
166,Prodigy Education,Data Scientist,$106K - CA$114K,CA$106K,CA$114K,"/Salary/Prodigy-Education-Data-Scientist-Canada-Salaries-EJI_IE1039169.0,17_KO18,32_IL.33,39_IN3.htm"
167,T4G,Data Scientist,$74K - CA$80K,CA$74K,CA$80K,"/Salary/T4G-Data-Scientist-Canada-Salaries-EJI_IE258469.0,3_KO4,18_IL.19,25_IN3.htm"
168,Mastercard,Data Scientist,$103K - CA$113K,CA$103K,CA$113K,"/Salary/Mastercard-Data-Scientist-Canada-Salaries-EJI_IE3677.0,10_KO11,25_IL.26,32_IN3.htm"
169,Kik,Data Scientist - Monthly Intern,$5K - CA$5K,CA$5K,CA$5K,"/Intern-Salary/Kik-Canada-Internship-Salary-EI_IE673773.0,3_IL.4,10_IN3.htm?filter.jobTitleFTS=Data+Scientist"
170,Farmers Edge,Data Scientist,$59K - CA$63K,CA$59K,CA$63K,"/Salary/Farmers-Edge-Data-Scientist-Canada-Salaries-EJI_IE1143660.0,12_KO13,27_IL.28,34_IN3.htm"
171,Torstar,Data Scientist,$58K - CA$63K,CA$58K,CA$63K,"/Salary/Torstar-Data-Scientist-Canada-Salaries-EJI_IE7146.0,7_KO8,22_IL.23,29_IN3.htm"
172,500px,Data Scientist - Monthly Intern,$5K - CA$5K,CA$5K,CA$5K,"/Intern-Salary/500px-Canada-Internship-Salary-EI_IE600778.0,5_IL.6,12_IN3.htm?filter.jobTitleFTS=Data+Scientist"
173,ruby,Data Scientist,$80K - CA$86K,CA$80K,CA$86K,"/Salary/ruby-Data-Scientist-Canada-Salaries-EJI_IE456062.0,4_KO5,19_IL.20,26_IN3.htm"
174,Xe,Data Scientist - Monthly Intern,$3K - CA$3K,CA$3K,CA$3K,"/Intern-Salary/Xe-Canada-Internship-Salary-EI_IE734881.0,2_IL.3,9_IN3.htm?filter.jobTitleFTS=Data+Scientist"
175,Xe,Data Scientist,$86K - CA$93K,CA$86K,CA$93K,"/Salary/Xe-Data-Scientist-Canada-Salaries-EJI_IE734881.0,2_KO3,17_IL.18,24_IN3.htm"
176,Hotspex,Data Scientist,$68K - CA$73K,CA$68K,CA$73K,"/Salary/Hotspex-Data-Scientist-Canada-Salaries-EJI_IE480164.0,7_KO8,22_IL.23,29_IN3.htm"
177,Adastra Group,Data Scientist,$77K - CA$84K,CA$77K,CA$84K,"/Salary/Adastra-Group-Data-Scientist-Canada-Salaries-EJI_IE673145.0,13_KO14,28_IL.29,35_IN3.htm"
178,Maluuba,Data Scientist,$121K - CA$133K,CA$121K,CA$133K,"/Salary/Maluuba-Data-Scientist-Canada-Salaries-EJI_IE667745.0,7_KO8,22_IL.23,29_IN3.htm"
179,Facebook,Data Scientist - Hourly Intern,$35 - CA$37hourly,CA$35,CA$37,"/Intern-Salary/Facebook-Canada-Internship-Salary-EI_IE40772.0,8_IL.9,15_IN3.htm?filter.jobTitleFTS=Data+Scientist"
180,Trulioo,Data Scientist,$93K - CA$101K,CA$93K,CA$101K,"/Salary/Trulioo-Data-Scientist-Canada-Salaries-EJI_IE868918.0,7_KO8,22_IL.23,29_IN3.htm"
181,INVISTA,Data Scientist - Intern,$44K - CA$47K,CA$44K,CA$47K,"/Intern-Salary/INVISTA-Canada-Internship-Salary-EI_IE19024.0,7_IL.8,14_IN3.htm?filter.jobTitleFTS=Data+Scientist"
182,Thinkific,Data Scientist - Hourly Intern,$20 - CA$21hourly,CA$20,CA$21,"/Intern-Salary/Thinkific-Canada-Internship-Salary-EI_IE1337450.0,9_IL.10,16_IN3.htm?filter.jobTitleFTS=Data+Scientist"
183,Omnicom Media Group,Data Scientist,$91K - CA$100K,CA$91K,CA$100K,"/Salary/Omnicom-Media-Group-Data-Scientist-Canada-Salaries-EJI_IE544568.0,19_KO20,34_IL.35,41_IN3.htm"
184,BNOTIONS,Data Scientist,$79K - CA$85K,CA$79K,CA$85K,"/Salary/BNOTIONS-Data-Scientist-Canada-Salaries-EJI_IE677440.0,8_KO9,23_IL.24,30_IN3.htm"
185,Upwork,Data Scientist,$96K - CA$104K,CA$96K,CA$104K,"/Salary/Upwork-Data-Scientist-Canada-Salaries-EJI_IE993959.0,6_KO7,21_IL.22,28_IN3.htm"
186,CARFAX Canada,Data Scientist - Hourly Intern,$25 - CA$27hourly,CA$25,CA$27,"/Intern-Salary/CARFAX-Canada-Canada-Internship-Salary-EI_IE600177.0,13_IL.14,20_IN3.htm?filter.jobTitleFTS=Data+Scientist"
187,Eyereturn Marketing,Data Scientist,$104K - CA$112K,CA$104K,CA$112K,"/Salary/Eyereturn-Marketing-Data-Scientist-Canada-Salaries-EJI_IE499371.0,19_KO20,34_IL.35,41_IN3.htm"
188,Arvato,Data Scientist,$43K - CA$46K,CA$43K,CA$46K,"/Salary/Arvato-Data-Scientist-Canada-Salaries-EJI_IE39834.0,6_KO7,21_IL.22,28_IN3.htm"
189,Magnet Forensics,Data Scientist,$48K - CA$52K,CA$48K,CA$52K,"/Salary/Magnet-Forensics-Data-Scientist-Canada-Salaries-EJI_IE649630.0,16_KO17,31_IL.32,38_IN3.htm"
190,Experis,Data Scientist - Hourly Contractor,$23 - CA$25hourly,CA$23,CA$25,"/Contractors-Salary/Experis-Canada-Contractor-Salary-EI_IE608019.0,7_IL.8,14_IN3.htm?filter.jobTitleFTS=Data+Scientist"
191,Verizon,Data Scientist - Contractor,$90K - CA$98K,CA$90K,CA$98K,"/Contractors-Salary/Verizon-Canada-Contractor-Salary-EI_IE89.0,7_IL.8,14_IN3.htm?filter.jobTitleFTS=Data+Scientist"
192,First Derivatives,Data Scientist,$56K - CA$60K,CA$56K,CA$60K,"/Salary/First-Derivatives-Data-Scientist-Canada-Salaries-EJI_IE35766.0,17_KO18,32_IL.33,39_IN3.htm"
193,Statflo,Data Scientist,$69K - CA$75K,CA$69K,CA$75K,"/Salary/Statflo-Data-Scientist-Canada-Salaries-EJI_IE1382405.0,7_KO8,22_IL.23,29_IN3.htm"
194,SinaLite,Data Scientist,$58K - CA$62K,CA$58K,CA$62K,"/Salary/SinaLite-Data-Scientist-Canada-Salaries-EJI_IE1520650.0,8_KO9,23_IL.24,30_IN3.htm"
195,SinaLite,Data Scientist - Hourly,$29 - CA$31hourly,CA$29,CA$31,"/Hourly-Pay/SinaLite-Data-Scientist-Canada-Hourly-Pay-EJI_IE1520650.0,8_KO9,23_IL.24,30_IN3.htm"
196,Multi-Health Systems,Data Scientist,$75K - CA$82K,CA$75K,CA$82K,"/Salary/Multi-Health-Systems-Data-Scientist-Canada-Salaries-EJI_IE1300117.0,20_KO21,35_IL.36,42_IN3.htm"
197,district m,Data Scientist,$92K - CA$99K,CA$92K,CA$99K,"/Salary/district-m-Data-Scientist-Canada-Salaries-EJI_IE1521845.0,10_KO11,25_IL.26,32_IN3.htm"
198,Neurio Technology,Data Scientist,$57K - CA$61K,CA$57K,CA$61K,"/Salary/Neurio-Technology-Data-Scientist-Canada-Salaries-EJI_IE1098406.0,17_KO18,32_IL.33,39_IN3.htm"
199,RS Energy Group,Data Scientist,$86K - CA$94K,CA$86K,CA$94K,"/Salary/RS-Energy-Group-Data-Scientist-Canada-Salaries-EJI_IE1456708.0,15_KO16,30_IL.31,37_IN3.htm"
200,Overbond,Data Scientist - Monthly Intern,$1K - CA$1K,CA$1K,CA$1K,"/Intern-Salary/Overbond-Canada-Internship-Salary-EI_IE1328075.0,8_IL.9,15_IN3.htm?filter.jobTitleFTS=Data+Scientist"
201,LCI Éducation,Data Scientist,$45K - CA$48K,CA$45K,CA$48K,"/Salary/LCI-Éducation-Data-Scientist-Canada-Salaries-EJI_IE1179478.0,13_KO14,28_IL.29,35_IN3.htm"
202,Two Hat Security,Data Scientist - Monthly Intern,$3K - CA$4K,CA$3K,CA$4K,"/Intern-Salary/Two-Hat-Security-Canada-Internship-Salary-EI_IE1327313.0,16_IL.17,23_IN3.htm?filter.jobTitleFTS=Data+Scientist"
203,Two Hat Security,Data Scientist - Hourly Intern,$9 - CA$10hourly,CA$9,CA$10,"/Intern-Salary/Two-Hat-Security-Canada-Internship-Salary-EI_IE1327313.0,16_IL.17,23_IN3.htm?filter.jobTitleFTS=Data+Scientist"
204,Uncharted,Data Scientist,$111K - CA$119K,CA$111K,CA$119K,"/Salary/Uncharted-Data-Scientist-Canada-Salaries-EJI_IE1526558.0,9_KO10,24_IL.25,31_IN3.htm"
205,Canadian Internet Registration Authority,Data Scientist - Hourly Intern,$23 - CA$25hourly,CA$23,CA$25,"/Intern-Salary/Canadian-Internet-Registration-Authority-Canada-Internship-Salary-EI_IE471254.0,40_IL.41,47_IN3.htm?filter.jobTitleFTS=Data+Scientist"
206,EMAGIN Clean Technologies,Data Scientist,$78K - CA$85K,CA$78K,CA$85K,"/Salary/EMAGIN-Clean-Technologies-Data-Scientist-Canada-Salaries-EJI_IE2347094.0,25_KO26,40_IL.41,47_IN3.htm"
207,Field Effect,Data Scientist,$72K - CA$78K,CA$72K,CA$78K,"/Salary/Field-Effect-Data-Scientist-Canada-Salaries-EJI_IE2281821.0,12_KO13,27_IL.28,34_IN3.htm"
208,daVinci,Data Scientist - Hourly Intern,$24 - CA$26hourly,CA$24,CA$26,"/Intern-Salary/daVinci-Canada-Internship-Salary-EI_IE352392.0,7_IL.8,14_IN3.htm?filter.jobTitleFTS=Data+Scientist"
209,Boréalis (Canada),Data Scientist,$53K - CA$58K,CA$53K,CA$58K,"/Salary/Boréalis-Canada-Data-Scientist-Canada-Salaries-EJI_IE2467768.0,15_KO16,30_IL.31,37_IN3.htm"
210,Upsight,Data Scientist - Monthly,$6K - CA$7K,CA$6K,CA$7K,"/Monthly-Pay/Upsight-Data-Scientist-Canada-Monthly-Pay-EJI_IE808689.0,7_KO8,22_IL.23,29_IN3.htm"
211,CRIM (Computer Research Institute of Montreal),Data Scientist - Hourly Intern,$21 - CA$23hourly,CA$21,CA$23,"/Intern-Salary/CRIM-Computer-Research-Institute-of-Montreal-Canada-Internship-Salary-EI_IE474142.0,44_IL.45,51_IN3.htm?filter.jobTitleFTS=Data+Scientist"
212,Mistplay,Data Scientist,$68K - CA$75K,CA$68K,CA$75K,"/Salary/Mistplay-Data-Scientist-Canada-Salaries-EJI_IE2262062.0,8_KO9,23_IL.24,30_IN3.htm"
213,Gestisoft,Data Scientist - Hourly,$22 - CA$24hourly,CA$22,CA$24,"/Hourly-Pay/Gestisoft-Data-Scientist-Canada-Hourly-Pay-EJI_IE1358758.0,9_KO10,24_IL.25,31_IN3.htm"
214,Quandl,Data Scientist,$71K - CA$77K,CA$71K,CA$77K,"/Salary/Quandl-Data-Scientist-Canada-Salaries-EJI_IE1453034.0,6_KO7,21_IL.22,28_IN3.htm"
215,Neelands Refrigeration,Data Scientist - Intern,$53K - CA$58K,CA$53K,CA$58K,"/Intern-Salary/Neelands-Refrigeration-Canada-Internship-Salary-EI_IE817004.0,22_IL.23,29_IN3.htm?filter.jobTitleFTS=Data+Scientist"
216,Altus Assessments,Data Scientist,$77K - CA$84K,CA$77K,CA$84K,"/Salary/Altus-Assessments-Data-Scientist-Canada-Salaries-EJI_IE1178744.0,17_KO18,32_IL.33,39_IN3.htm"
217,Wish,Data Scientist - Monthly Intern,$5K - CA$6K,CA$5K,CA$6K,"/Intern-Salary/Wish-Canada-Internship-Salary-EI_IE686514.0,4_IL.5,11_IN3.htm?filter.jobTitleFTS=Data+Scientist"
218,Geosyntec Consultants,Data Scientist - Hourly,$27 - CA$30hourly,CA$27,CA$30,"/Hourly-Pay/Geosyntec-Consultants-Data-Scientist-Canada-Hourly-Pay-EJI_IE28995.0,21_KO22,36_IL.37,43_IN3.htm"
219,Cerebri AI,Data Scientist - Monthly,$5K - CA$5K,CA$5K,CA$5K,"/Monthly-Pay/Cerebri-AI-Data-Scientist-Canada-Monthly-Pay-EJI_IE1510134.0,10_KO11,25_IL.26,32_IN3.htm"
220,Opta Information Intelligence,Data Scientist,$83K - CA$89K,CA$83K,CA$89K,"/Salary/Opta-Information-Intelligence-Data-Scientist-Canada-Salaries-EJI_IE1020990.0,29_KO30,44_IL.45,51_IN3.htm"
221,Cerebri AI,Data Scientist,$11K - CA$12K,CA$11K,CA$12K,"/Salary/Cerebri-AI-Data-Scientist-Canada-Salaries-EJI_IE1510134.0,10_KO11,25_IL.26,32_IN3.htm"
222,Power Factors,Data Scientist - Monthly Intern,$2K - CA$2K,CA$2K,CA$2K,"/Intern-Salary/Power-Factors-Canada-Internship-Salary-EI_IE1927187.0,13_IL.14,20_IN3.htm?filter.jobTitleFTS=Data+Scientist"
223,Felix & Paul Studios,Data Scientist,$88K - CA$94K,CA$88K,CA$94K,"/Salary/Felix-and-Paul-Studios-Data-Scientist-Canada-Salaries-EJI_IE1354939.0,22_KO23,37_IL.38,44_IN3.htm"
224,Autotrader,Data Scientist,$120 - CA$131,CA$120,CA$131,"/Salary/Autotrader-Data-Scientist-Canada-Salaries-EJI_IE9979.0,10_KO11,25_IL.26,32_IN3.htm"
225,CSI Consulting,Data Scientist - Contractor,$67K - CA$73K,CA$67K,CA$73K,"/Contractors-Salary/CSI-Consulting-Canada-Contractor-Salary-EI_IE327811.0,14_IL.15,21_IN3.htm?filter.jobTitleFTS=Data+Scientist"
226,KE Solutions,Data Scientist - Intern,$59K - CA$63K,CA$59K,CA$63K,"/Intern-Salary/KE-Solutions-Canada-Internship-Salary-EI_IE1334655.0,12_IL.13,19_IN3.htm?filter.jobTitleFTS=Data+Scientist"
227,Forcepoint,Data Scientist,$90K - CA$98K,CA$90K,CA$98K,"/Salary/Forcepoint-Data-Scientist-Canada-Salaries-EJI_IE1262390.0,10_KO11,25_IL.26,32_IN3.htm"
228,AIRM Consulting,Data Scientist,$67K - CA$73K,CA$67K,CA$73K,"/Salary/AIRM-Consulting-Data-Scientist-Canada-Salaries-EJI_IE3618777.0,15_KO16,30_IL.31,37_IN3.htm"
229,Keela,Data Scientist,$57K - CA$62K,CA$57K,CA$62K,"/Salary/Keela-Data-Scientist-Canada-Salaries-EJI_IE1377664.0,5_KO6,20_IL.21,27_IN3.htm"
230,Prolifics,Data Scientist - Intern,$48K - CA$53K,CA$48K,CA$53K,"/Intern-Salary/Prolifics-Canada-Internship-Salary-EI_IE132102.0,9_IL.10,16_IN3.htm?filter.jobTitleFTS=Data+Scientist"
231,Freelance.com,Data Scientist - Hourly,$48 - CA$51hourly,CA$48,CA$51,"/Hourly-Pay/Freelance-com-Data-Scientist-Canada-Hourly-Pay-EJI_IE3160466.0,13_KO14,28_IL.29,35_IN3.htm"
232,Sia Partners,Data Scientist,$75K - CA$81K,CA$75K,CA$81K,"/Salary/Sia-Partners-Data-Scientist-Canada-Salaries-EJI_IE663009.0,12_KO13,27_IL.28,34_IN3.htm"
233,Outshine,Data Scientist,$49K - CA$53K,CA$49K,CA$53K,"/Salary/Outshine-Data-Scientist-Canada-Salaries-EJI_IE2117377.0,8_KO9,23_IL.24,30_IN3.htm"
234,Enlighted,Data Scientist - Hourly Intern,$32 - CA$34hourly,CA$32,CA$34,"/Intern-Salary/Enlighted-Canada-Internship-Salary-EI_IE458253.0,9_IL.10,16_IN3.htm?filter.jobTitleFTS=Data+Scientist"
235,Chisel AI,Data Scientist,$111K - CA$120K,CA$111K,CA$120K,"/Salary/Chisel-AI-Data-Scientist-Canada-Salaries-EJI_IE2012579.0,9_KO10,24_IL.25,31_IN3.htm"
236,ASL Environmental Sciences,Data Scientist,$65K - CA$72K,CA$65K,CA$72K,"/Salary/ASL-Environmental-Sciences-Data-Scientist-Canada-Salaries-EJI_IE701874.0,26_KO27,41_IL.42,48_IN3.htm"
237,tealbook,Data Scientist - Hourly Intern,$19 - CA$21hourly,CA$19,CA$21,"/Intern-Salary/tealbook-Canada-Internship-Salary-EI_IE2611496.0,8_IL.9,15_IN3.htm?filter.jobTitleFTS=Data+Scientist"
238,Samplits,Data Scientist - Monthly Intern,$882 - CA$962,CA$882,CA$962,"/Intern-Salary/Samplits-Canada-Internship-Salary-EI_IE2130029.0,8_IL.9,15_IN3.htm?filter.jobTitleFTS=Data+Scientist"
239,AltaML,Data Scientist,$81K - CA$88K,CA$81K,CA$88K,"/Salary/AltaML-Data-Scientist-Canada-Salaries-EJI_IE2534656.0,6_KO7,21_IL.22,28_IN3.htm"
240,Via Science,Data Scientist,$77K - CA$83K,CA$77K,CA$83K,"/Salary/Via-Science-Data-Scientist-Canada-Salaries-EJI_IE1108708.0,11_KO12,26_IL.27,33_IN3.htm"
241,Gymtrack,Data Scientist - Monthly,$60K - CA$66K,CA$60K,CA$66K,"/Monthly-Pay/Gymtrack-Data-Scientist-Canada-Monthly-Pay-EJI_IE1255852.0,8_KO9,23_IL.24,30_IN3.htm"
242,SolutionStat,Data Scientist - Hourly,$52 - CA$56hourly,CA$52,CA$56,"/Hourly-Pay/SolutionStat-Data-Scientist-Canada-Hourly-Pay-EJI_IE2427289.0,12_KO13,27_IL.28,34_IN3.htm"
243,Savormetrics,Data Scientist - Hourly Intern,$25 - CA$27hourly,CA$25,CA$27,"/Intern-Salary/Savormetrics-Canada-Internship-Salary-EI_IE1673035.0,12_IL.13,19_IN3.htm?filter.jobTitleFTS=Data+Scientist"
244,SharpestMinds,Data Scientist - Intern,$48K - CA$52K,CA$48K,CA$52K,"/Intern-Salary/SharpestMinds-Canada-Internship-Salary-EI_IE3035455.0,13_IL.14,20_IN3.htm?filter.jobTitleFTS=Data+Scientist"
245,FitFi,Data Scientist,$53K - CA$58K,CA$53K,CA$58K,"/Salary/FitFi-Data-Scientist-Canada-Salaries-EJI_IE2348363.0,5_KO6,20_IL.21,27_IN3.htm"
246,Brizi,Data Scientist,$34K - CA$37K,CA$34K,CA$37K,"/Salary/Brizi-Data-Scientist-Canada-Salaries-EJI_IE947899.0,5_KO6,20_IL.21,27_IN3.htm"
247,Planet Bingo,Data Scientist,$115K - CA$124K,CA$115K,CA$124K,"/Salary/Planet-Bingo-Data-Scientist-Canada-Salaries-EJI_IE344752.0,12_KO13,27_IL.28,34_IN3.htm"
248,Vooban,Data Scientist,$83K - CA$90K,CA$83K,CA$90K,"/Salary/Vooban-Data-Scientist-Canada-Salaries-EJI_IE2187625.0,6_KO7,21_IL.22,28_IN3.htm"
249,SharpestMinds,Data Scientist,$96K - CA$105K,CA$96K,CA$105K,"/Salary/SharpestMinds-Data-Scientist-Canada-Salaries-EJI_IE3035455.0,13_KO14,28_IL.29,35_IN3.htm"
250,Faimdata,Data Scientist,$62K - CA$67K,CA$62K,CA$67K,"/Salary/Faimdata-Data-Scientist-Canada-Salaries-EJI_IE943434.0,8_KO9,23_IL.24,30_IN3.htm"
251,Acerta (Canada),Data Scientist,$59K - CA$64K,CA$59K,CA$64K,"/Salary/Acerta-Canada-Data-Scientist-Canada-Salaries-EJI_IE2234284.0,13_KO14,28_IL.29,35_IN3.htm"
252,deviantArt,Data Scientist,$83K - CA$89K,CA$83K,CA$89K,"/Salary/deviantArt-Data-Scientist-Canada-Salaries-EJI_IE365632.0,10_KO11,25_IL.26,32_IN3.htm"
253,Beam Data,Data Scientist,$63K - CA$68K,CA$63K,CA$68K,"/Salary/Beam-Data-Data-Scientist-Canada-Salaries-EJI_IE2606208.0,9_KO10,24_IL.25,31_IN3.htm"
254,Beam Data,Data Scientist - Hourly Contractor,$34 - CA$36hourly,CA$34,CA$36,"/Contractors-Salary/Beam-Data-Canada-Contractor-Salary-EI_IE2606208.0,9_IL.10,16_IN3.htm?filter.jobTitleFTS=Data+Scientist"
255,Scribd,Data Scientist,$135K - CA$146K,CA$135K,CA$146K,"/Salary/Scribd-Data-Scientist-Canada-Salaries-EJI_IE354208.0,6_KO7,21_IL.22,28_IN3.htm"
256,Dane Street,Data Scientist - Monthly,$2K - CA$2K,CA$2K,CA$2K,"/Monthly-Pay/Dane-Street-Data-Scientist-Canada-Monthly-Pay-EJI_IE4046892.0,11_KO12,26_IL.27,33_IN3.htm"
257,Renda Broadcasting,Data Scientist - Hourly Intern,$51 - CA$55hourly,CA$51,CA$55,"/Intern-Salary/Renda-Broadcasting-Canada-Internship-Salary-EI_IE386931.0,18_IL.19,25_IN3.htm?filter.jobTitleFTS=Data+Scientist"
258,Aitheras,Data Scientist,$62K - CA$67K,CA$62K,CA$67K,"/Salary/Aitheras-Data-Scientist-Canada-Salaries-EJI_IE1275264.0,8_KO9,23_IL.24,30_IN3.htm"
259,Polar Systems,Data Scientist - Hourly,$38 - CA$42hourly,CA$38,CA$42,"/Hourly-Pay/Polar-Systems-Data-Scientist-Canada-Hourly-Pay-EJI_IE714630.0,13_KO14,28_IL.29,35_IN3.htm"
260,Prestige SG-TECH Consulting,Data Scientist - Hourly,$44 - CA$47hourly,CA$44,CA$47,"/Hourly-Pay/Prestige-SG-TECH-Consulting-Data-Scientist-Canada-Hourly-Pay-EJI_IE3994955.0,27_KO28,42_IL.43,49_IN3.htm"
261,YYZ Ventures,Data Scientist,$80K - CA$87K,CA$80K,CA$87K,"/Salary/YYZ-Ventures-Data-Scientist-Canada-Salaries-EJI_IE3875402.0,12_KO13,27_IL.28,34_IN3.htm"
262,Random Forest,Data Scientist,$143K - CA$156K,CA$143K,CA$156K,"/Salary/Random-Forest-Data-Scientist-Canada-Salaries-EJI_IE4062262.0,13_KO14,28_IL.29,35_IN3.htm"
263,patrickmesana,Data Scientist - Monthly,$10K - CA$11K,CA$10K,CA$11K,"/Monthly-Pay/patrickmesana-Data-Scientist-Canada-Monthly-Pay-EJI_IE3354742.0,13_KO14,28_IL.29,35_IN3.htm"
264,Sherbrooke Informatique,Data Scientist - Hourly Contractor,$90 - CA$97hourly,CA$90,CA$97,"/Contractors-Salary/Sherbrooke-Informatique-Canada-Contractor-Salary-EI_IE2355670.0,23_IL.24,30_IN3.htm?filter.jobTitleFTS=Data+Scientist"
265,Losch Engineering,Data Scientist - Intern,$50K - CA$54K,CA$50K,CA$54K,"/Intern-Salary/Losch-Engineering-Canada-Internship-Salary-EI_IE273832.0,17_IL.18,24_IN3.htm?filter.jobTitleFTS=Data+Scientist"
266,Chizindu udum,Data Scientist,$87K - CA$93K,CA$87K,CA$93K,"/Salary/Chizindu-udum-Data-Scientist-Canada-Salaries-EJI_IE3362418.0,13_KO14,28_IL.29,35_IN3.htm"
267,CONCURED,Data Scientist,$67K - CA$72K,CA$67K,CA$72K,"/Salary/CONCURED-Data-Scientist-Canada-Salaries-EJI_IE1687163.0,8_KO9,23_IL.24,30_IN3.htm"
268,Annalect,Data Scientist,$95K - CA$105K,CA$95K,CA$105K,"/Salary/Annalect-Data-Scientist-Canada-Salaries-EJI_IE691051.0,8_KO9,23_IL.24,30_IN3.htm"
269,Trump Pense,Data Scientist - Hourly,$24 - CA$26hourly,CA$24,CA$26,"/Hourly-Pay/Trump-Pense-Data-Scientist-Canada-Hourly-Pay-EJI_IE3422244.0,11_KO12,26_IL.27,33_IN3.htm"
270,Salata,Data Scientist,$76K - CA$84K,CA$76K,CA$84K,"/Salary/Salata-Data-Scientist-Canada-Salaries-EJI_IE993130.0,6_KO7,21_IL.22,28_IN3.htm"
271,Food Banks,Data Scientist,$63K - CA$68K,CA$63K,CA$68K,"/Salary/Food-Banks-Data-Scientist-Canada-Salaries-EJI_IE1896169.0,10_KO11,25_IL.26,32_IN3.htm"
272,Pure Strategy Consulting Inc.,Data Scientist - Contractor,$58K - CA$63K,CA$58K,CA$63K,"/Contractors-Salary/Pure-Strategy-Consulting-Inc-Canada-Contractor-Salary-EI_IE4098223.0,28_IL.29,35_IN3.htm?filter.jobTitleFTS=Data+Scientist"
273,BalloonBox,Data Scientist,$87K - CA$93K,CA$87K,CA$93K,"/Salary/BalloonBox-Data-Scientist-Canada-Salaries-EJI_IE3508047.0,10_KO11,25_IL.26,32_IN3.htm"
274,a i solutions,Data Scientist,$73K - CA$80K,CA$73K,CA$80K,"/Salary/a-i-solutions-Data-Scientist-Canada-Salaries-EJI_IE110486.0,13_KO14,28_IL.29,35_IN3.htm"
275,Business Analytica,Data Scientist - Hourly Intern,$35 - CA$37hourly,CA$35,CA$37,"/Intern-Salary/Business-Analytica-Canada-Internship-Salary-EI_IE605265.0,18_IL.19,25_IN3.htm?filter.jobTitleFTS=Data+Scientist"
276,Ministério da Educação,Data Scientist,$75K - CA$82K,CA$75K,CA$82K,"/Salary/Ministerio-da-Educacao-Data-Scientist-Canada-Salaries-EJI_IE1139133.0,22_KO23,37_IL.38,44_IN3.htm"
277,ePassing,Data Scientist - Intern,$50K - CA$55K,CA$50K,CA$55K,"/Intern-Salary/ePassing-Canada-Internship-Salary-EI_IE1093475.0,8_IL.9,15_IN3.htm?filter.jobTitleFTS=Data+Scientist"
278,Appberry,Data Scientist,$96K - CA$104K,CA$96K,CA$104K,"/Salary/Appberry-Data-Scientist-Canada-Salaries-EJI_IE1988462.0,8_KO9,23_IL.24,30_IN3.htm"
279,Prestige SG-Tech Consulting,Data Scientist - Hourly,$48 - CA$52hourly,CA$48,CA$52,"/Hourly-Pay/Prestige-SG-Tech-Consulting-Data-Scientist-Canada-Hourly-Pay-EJI_IE3994982.0,27_KO28,42_IL.43,49_IN3.htm"
280,SimplicityBI,Data Scientist,$80K - CA$87K,CA$80K,CA$87K,"/Salary/SimplicityBI-Data-Scientist-Canada-Salaries-EJI_IE3356857.0,12_KO13,27_IL.28,34_IN3.htm"
281,Pure Strategic,Data Scientist - Contractor,$58K - CA$62K,CA$58K,CA$62K,"/Contractors-Salary/Pure-Strategic-Canada-Contractor-Salary-EI_IE2130555.0,14_IL.15,21_IN3.htm?filter.jobTitleFTS=Data+Scientist"
282,Global Development Group,Data Scientist,$49K - CA$54K,CA$49K,CA$54K,"/Salary/Global-Development-Group-Data-Scientist-Canada-Salaries-EJI_IE1270940.0,24_KO25,39_IL.40,46_IN3.htm"
283,Datacratic,Data Scientist,$106K - CA$114K,CA$106K,CA$114K,"/Salary/Datacratic-Data-Scientist-Canada-Salaries-EJI_IE2505843.0,10_KO11,25_IL.26,32_IN3.htm"
284,East Asian Observatory,Data Scientist,$75K - CA$82K,CA$75K,CA$82K,"/Salary/East-Asian-Observatory-Data-Scientist-Canada-Salaries-EJI_IE1580468.0,22_KO23,37_IL.38,44_IN3.htm"
285,Sports IQ Analytics,Data Scientist,$84K - CA$92K,CA$84K,CA$92K,"/Salary/Sports-IQ-Analytics-Data-Scientist-Canada-Salaries-EJI_IE3428756.0,19_KO20,34_IL.35,41_IN3.htm"
286,Smats Traffic Solutions ,Data Scientist - Contractor,$60K - CA$64K,CA$60K,CA$64K,"/Contractors-Salary/Smats-Traffic-Solutions-Canada-Contractor-Salary-EI_IE2476129.0,23_IL.24,30_IN3.htm?filter.jobTitleFTS=Data+Scientist"
287,Pretect ,Data Scientist,$101K - CA$109K,CA$101K,CA$109K,"/Salary/Pretect-Data-Scientist-Canada-Salaries-EJI_IE2428091.0,7_KO8,22_IL.23,29_IN3.htm"
288,University of Fujairah,Data Scientist,$48K - CA$52K,CA$48K,CA$52K,"/Salary/University-of-Fujairah-Data-Scientist-Canada-Salaries-EJI_IE1969251.0,22_KO23,37_IL.38,44_IN3.htm"
289,Graphika Print Solution,Data Scientist,$78K - CA$84K,CA$78K,CA$84K,"/Salary/Graphika-Print-Solution-Data-Scientist-Canada-Salaries-EJI_IE2513730.0,23_KO24,38_IL.39,45_IN3.htm"
290,Shopify,Senior Data Scientist,"CA$114,665/yr",CA$85K,CA$153K,"/Salary/Shopify-Senior-Data-Scientist-Canada-Salaries-EJI_IE675933.0,7_KO8,29_IL.30,36_IN3.htm"
291,Capital One,Senior Data Scientist,"CA$94,861/yr",CA$90,CA$115K,"/Salary/Capital-One-Senior-Data-Scientist-Canada-Salaries-EJI_IE3736.0,11_KO12,33_IL.34,40_IN3.htm"
292,RBC,Senior Data Scientist,"CA$110,892/yr",CA$105K,CA$113K,"/Salary/RBC-Senior-Data-Scientist-Canada-Salaries-EJI_IE3358.0,3_KO4,25_IL.26,32_IN3.htm"
293,Capital One,Principal Data Scientist,"CA$121,109/yr",CA$11K,CA$127K,"/Salary/Capital-One-Principal-Data-Scientist-Canada-Salaries-EJI_IE3736.0,11_KO12,36_IL.37,43_IN3.htm"
294,RBC,Data Scientist Co-op - Hourly Intern,CA$27/hr,CA$26,CA$29,"/Intern-Salary/RBC-Canada-Internship-Salary-EI_IE3358.0,3_IL.4,10_IN3.htm?filter.jobTitleFTS=Data+Scientist+Co-op"
295,Scotiabank,Data Scientist Co-op - Monthly Intern,"CA$7,141/mo",CA$1K,CA$13K,"/Intern-Salary/Scotiabank-Canada-Internship-Salary-EI_IE11013.0,10_IL.11,17_IN3.htm?filter.jobTitleFTS=Data+Scientist+Co-op"
296,Capital One,Data Scientist Co-op - Hourly Intern,CA$32/hr,CA$25,CA$35,"/Intern-Salary/Capital-One-Canada-Internship-Salary-EI_IE3736.0,11_IL.12,18_IN3.htm?filter.jobTitleFTS=Data+Scientist+Co-op"
297,TD,Senior Data Scientist,$116K - CA$134K,CA$116K,CA$134K,"/Salary/TD-Senior-Data-Scientist-Canada-Salaries-EJI_IE3767.0,2_KO3,24_IL.25,31_IN3.htm"
298,Scotiabank,Senior Data Scientist,$90K - CA$136K,CA$90K,CA$136K,"/Salary/Scotiabank-Senior-Data-Scientist-Canada-Salaries-EJI_IE11013.0,10_KO11,32_IL.33,39_IN3.htm"
299,Intact,Senior Data Scientist,$87K - CA$101K,CA$87K,CA$101K,"/Salary/Intact-Senior-Data-Scientist-Canada-Salaries-EJI_IE329903.0,6_KO7,28_IL.29,35_IN3.htm"
300,Aviva,Senior Data Scientist,$72K - CA$137K,CA$72K,CA$137K,"/Salary/Aviva-Senior-Data-Scientist-Canada-Salaries-EJI_IE311641.0,5_KO6,27_IL.28,34_IN3.htm"
301,Cerebri AI,Senior Data Scientist,$72K - CA$132K,CA$72K,CA$132K,"/Salary/Cerebri-AI-Senior-Data-Scientist-Canada-Salaries-EJI_IE1510134.0,10_KO11,32_IL.33,39_IN3.htm"
302,Scotiabank,Data Scientist Co-op - Intern,$73K - CA$85K,CA$73K,CA$85K,"/Intern-Salary/Scotiabank-Canada-Internship-Salary-EI_IE11013.0,10_IL.11,17_IN3.htm?filter.jobTitleFTS=Data+Scientist+Co-op"
303,Statistics Canada,Data Scientist Co-op - Hourly Intern,$20 - CA$24hourly,CA$20,CA$24,"/Intern-Salary/Statistics-Canada-Canada-Internship-Salary-EI_IE148502.0,17_IL.18,24_IN3.htm?filter.jobTitleFTS=Data+Scientist+Co-op"
304,University of Toronto,Senior Data Scientist,$146K - CA$160K,CA$146K,CA$160K,"/Salary/University-of-Toronto-Senior-Data-Scientist-Canada-Salaries-EJI_IE31043.0,21_KO22,43_IL.44,50_IN3.htm"
305,CIBC,Senior Data Scientist,$97K - CA$104K,CA$97K,CA$104K,"/Salary/CIBC-Senior-Data-Scientist-Canada-Salaries-EJI_IE3115.0,4_KO5,26_IL.27,33_IN3.htm"
306,IBM,Senior Data Scientist,$88K - CA$96K,CA$88K,CA$96K,"/Salary/IBM-Senior-Data-Scientist-Canada-Salaries-EJI_IE354.0,3_KO4,25_IL.26,32_IN3.htm"
307,Loblaw Companies,Senior Data Scientist,$71K - CA$76K,CA$71K,CA$76K,"/Salary/Loblaw-Companies-Senior-Data-Scientist-Canada-Salaries-EJI_IE4141.0,16_KO17,38_IL.39,45_IN3.htm"
308,Government of Canada,Senior Data Scientist,$96K - CA$102K,CA$96K,CA$102K,"/Salary/Government-of-Canada-Senior-Data-Scientist-Canada-Salaries-EJI_IE156734.0,20_KO21,42_IL.43,49_IN3.htm"
309,Banque Nationale du Canada/National Bank of Canada,Senior Data Scientist,$67K - CA$73K,CA$67K,CA$73K,"/Salary/Banque-Nationale-du-Canada-National-Bank-of-Canada-Senior-Data-Scientist-Canada-Salaries-EJI_IE8010.0,50_KO51,72_IL.73,79_IN3.htm"
310,ADP,Senior Data Scientist,$92K - CA$99K,CA$92K,CA$99K,"/Salary/ADP-Senior-Data-Scientist-Canada-Salaries-EJI_IE64.0,3_KO4,25_IL.26,32_IN3.htm"
311,Ceridian,Senior Data Scientist,$106K - CA$114K,CA$106K,CA$114K,"/Salary/Ceridian-Senior-Data-Scientist-Canada-Salaries-EJI_IE179.0,8_KO9,30_IL.31,37_IN3.htm"
312,LoyaltyOne,Senior Data Scientist,$100K - CA$109K,CA$100K,CA$109K,"/Salary/LoyaltyOne-Senior-Data-Scientist-Canada-Salaries-EJI_IE30540.0,10_KO11,32_IL.33,39_IN3.htm"
313,Economical Insurance,Senior Data Scientist,$81K - CA$89K,CA$81K,CA$89K,"/Salary/Economical-Insurance-Senior-Data-Scientist-Canada-Salaries-EJI_IE7828.0,20_KO21,42_IL.43,49_IN3.htm"
314,Intuit,Senior Data Scientist,$89K - CA$97K,CA$89K,CA$97K,"/Salary/Intuit-Senior-Data-Scientist-Canada-Salaries-EJI_IE2293.0,6_KO7,28_IL.29,35_IN3.htm"
315,Huawei Technologies,Senior Data Scientist - Hourly Contractor,$63 - CA$69hourly,CA$63,CA$69,"/Contractors-Salary/Huawei-Technologies-Canada-Contractor-Salary-EI_IE9304.0,19_IL.20,26_IN3.htm?filter.jobTitleFTS=Senior+Data+Scientist"
316,Self,Senior Data Scientist,$85K - CA$93K,CA$85K,CA$93K,"/Salary/Self-Senior-Data-Scientist-Canada-Salaries-EJI_IE1560378.0,4_KO5,26_IL.27,33_IN3.htm"
317,Boston Consulting Group,Senior Data Scientist,$200K - CA$220K,CA$200K,CA$220K,"/Salary/Boston-Consulting-Group-Senior-Data-Scientist-Canada-Salaries-EJI_IE3879.0,23_KO24,45_IL.46,52_IN3.htm"
318,CHEO,Senior Data Scientist,$81K - CA$88K,CA$81K,CA$88K,"/Salary/CHEO-Senior-Data-Scientist-Canada-Salaries-EJI_IE479151.0,4_KO5,26_IL.27,33_IN3.htm"
319,Mozilla,Senior Data Scientist,$139K - CA$148K,CA$139K,CA$148K,"/Salary/Mozilla-Senior-Data-Scientist-Canada-Salaries-EJI_IE19129.0,7_KO8,29_IL.30,36_IN3.htm"
320,SurveyMonkey,Senior Data Scientist,$130K - CA$140K,CA$130K,CA$140K,"/Salary/SurveyMonkey-Senior-Data-Scientist-Canada-Salaries-EJI_IE347449.0,12_KO13,34_IL.35,41_IN3.htm"
321,GE Digital,Senior Data Scientist,$127K - CA$139K,CA$127K,CA$139K,"/Salary/GE-Digital-Senior-Data-Scientist-Canada-Salaries-EJI_IE714224.0,10_KO11,32_IL.33,39_IN3.htm"
322,Teradata,Senior Data Scientist,$100K - CA$108K,CA$100K,CA$108K,"/Salary/Teradata-Senior-Data-Scientist-Canada-Salaries-EJI_IE14638.0,8_KO9,30_IL.31,37_IN3.htm"
323,Environment and Climate Change Canada,Senior Data Scientist,$107K - CA$117K,CA$107K,CA$117K,"/Salary/Environment-and-Climate-Change-Canada-Senior-Data-Scientist-Canada-Salaries-EJI_IE2550641.0,37_KO38,59_IL.60,66_IN3.htm"
324,Facebook,Senior Data Scientist,$170K - CA$181K,CA$170K,CA$181K,"/Salary/Facebook-Senior-Data-Scientist-Canada-Salaries-EJI_IE40772.0,8_KO9,30_IL.31,37_IN3.htm"
325,AeroInfo Systems,Senior Data Scientist,$114K - CA$123K,CA$114K,CA$123K,"/Salary/AeroInfo-Systems-Senior-Data-Scientist-Canada-Salaries-EJI_IE40049.0,16_KO17,38_IL.39,45_IN3.htm"
326,1QB Information Technologies 1QBit,Senior Data Scientist,$70K - CA$77K,CA$70K,CA$77K,"/Salary/1QB-Information-Technologies-1QBit-Senior-Data-Scientist-Canada-Salaries-EJI_IE867487.0,34_KO35,56_IL.57,63_IN3.htm"
327,Exiger,Senior Data Scientist,$144K - CA$157K,CA$144K,CA$157K,"/Salary/Exiger-Senior-Data-Scientist-Canada-Salaries-EJI_IE958023.0,6_KO7,28_IL.29,35_IN3.htm"
328,BlueDot,Senior Data Scientist,$77K - CA$83K,CA$77K,CA$83K,"/Salary/BlueDot-Senior-Data-Scientist-Canada-Salaries-EJI_IE1478031.0,7_KO8,29_IL.30,36_IN3.htm"
329,Altus Assessments,Senior Data Scientist,$95K - CA$104K,CA$95K,CA$104K,"/Salary/Altus-Assessments-Senior-Data-Scientist-Canada-Salaries-EJI_IE1178744.0,17_KO18,39_IL.40,46_IN3.htm"
330,Talan,Senior Data Scientist,$106K - CA$115K,CA$106K,CA$115K,"/Salary/Talan-Senior-Data-Scientist-Canada-Salaries-EJI_IE485967.0,5_KO6,27_IL.28,34_IN3.htm"
331,Apply Digital,Senior Data Scientist,$133K - CA$145K,CA$133K,CA$145K,"/Salary/Apply-Digital-Senior-Data-Scientist-Canada-Salaries-EJI_IE1628012.0,13_KO14,35_IL.36,42_IN3.htm"
332,Ivado Labs,Senior Data Scientist,$146K - CA$156K,CA$146K,CA$156K,"/Salary/Ivado-Labs-Senior-Data-Scientist-Canada-Salaries-EJI_IE2352584.0,10_KO11,32_IL.33,39_IN3.htm"
333,Kinsol Research,Senior Data Scientist,$93K - CA$102K,CA$93K,CA$102K,"/Salary/Kinsol-Research-Senior-Data-Scientist-Canada-Salaries-EJI_IE4047272.0,15_KO16,37_IL.38,44_IN3.htm"
334,NA,Senior Data Scientist,$90K - CA$96K,CA$90K,CA$96K,"/Salary/NA-Senior-Data-Scientist-Canada-Salaries-EJI_IE3406362.0,2_KO3,24_IL.25,31_IN3.htm"
335,Brilent,Senior Data Scientist,$119K - CA$131K,CA$119K,CA$131K,"/Salary/Brilent-Senior-Data-Scientist-Canada-Salaries-EJI_IE1145544.0,7_KO8,29_IL.30,36_IN3.htm"
336,GoDaddy,Senior Data Scientist,$139K - CA$150K,CA$139K,CA$150K,"/Salary/GoDaddy-Senior-Data-Scientist-Canada-Salaries-EJI_IE35337.0,7_KO8,29_IL.30,36_IN3.htm"
337,Imbellus,Senior Data Scientist,$130K - CA$140K,CA$130K,CA$140K,"/Salary/Imbellus-Senior-Data-Scientist-Canada-Salaries-EJI_IE2286038.0,8_KO9,30_IL.31,37_IN3.htm"
338,TD,Junior Data Scientist - Intern,$48K - CA$52K,CA$48K,CA$52K,"/Intern-Salary/TD-Canada-Internship-Salary-EI_IE3767.0,2_IL.3,9_IN3.htm?filter.jobTitleFTS=Junior+Data+Scientist"
339,RBC,Junior Data Scientist,$53K - CA$58K,CA$53K,CA$58K,"/Salary/RBC-Junior-Data-Scientist-Canada-Salaries-EJI_IE3358.0,3_KO4,25_IL.26,32_IN3.htm"
340,Scotiabank,Junior Data Scientist - Hourly Intern,$22 - CA$24hourly,CA$22,CA$24,"/Intern-Salary/Scotiabank-Canada-Internship-Salary-EI_IE11013.0,10_IL.11,17_IN3.htm?filter.jobTitleFTS=Junior+Data+Scientist"
341,University of Toronto,Junior Data Scientist - Hourly Contractor,$36 - CA$39hourly,CA$36,CA$39,"/Contractors-Salary/University-of-Toronto-Canada-Contractor-Salary-EI_IE31043.0,21_IL.22,28_IN3.htm?filter.jobTitleFTS=Junior+Data+Scientist"
342,Rogers Communications,Junior Data Scientist - Monthly,$4K - CA$4K,CA$4K,CA$4K,"/Monthly-Pay/Rogers-Communications-Junior-Data-Scientist-Canada-Monthly-Pay-EJI_IE3783.0,21_KO22,43_IL.44,50_IN3.htm"
343,Bell Canada,Junior Data Scientist,$49K - CA$53K,CA$49K,CA$53K,"/Salary/Bell-Canada-Junior-Data-Scientist-Canada-Salaries-EJI_IE118159.0,11_KO12,33_IL.34,40_IN3.htm"
344,Bell Canada,Junior Data Scientist - Hourly Contractor,$19 - CA$20hourly,CA$19,CA$20,"/Contractors-Salary/Bell-Canada-Canada-Contractor-Salary-EI_IE118159.0,11_IL.12,18_IN3.htm?filter.jobTitleFTS=Junior+Data+Scientist"
345,Government of Canada,Junior Data Scientist,$75K - CA$81K,CA$75K,CA$81K,"/Salary/Government-of-Canada-Junior-Data-Scientist-Canada-Salaries-EJI_IE156734.0,20_KO21,42_IL.43,49_IN3.htm"
346,Intact,Junior Data Scientist,$57K - CA$62K,CA$57K,CA$62K,"/Salary/Intact-Junior-Data-Scientist-Canada-Salaries-EJI_IE329903.0,6_KO7,28_IL.29,35_IN3.htm"
347,Flipp,Junior Data Scientist - Monthly Intern,$3K - CA$3K,CA$3K,CA$3K,"/Intern-Salary/Flipp-Canada-Internship-Salary-EI_IE970799.0,5_IL.6,12_IN3.htm?filter.jobTitleFTS=Junior+Data+Scientist"
348,BiblioCommons,Junior Data Scientist - Contractor,$53K - CA$57K,CA$53K,CA$57K,"/Contractors-Salary/BiblioCommons-Canada-Contractor-Salary-EI_IE512616.0,13_IL.14,20_IN3.htm?filter.jobTitleFTS=Junior+Data+Scientist"
349,Two Hat Security,Junior Data Scientist - Monthly Intern,$2K - CA$3K,CA$2K,CA$3K,"/Intern-Salary/Two-Hat-Security-Canada-Internship-Salary-EI_IE1327313.0,16_IL.17,23_IN3.htm?filter.jobTitleFTS=Junior+Data+Scientist"
350,Unity Health Toronto,Junior Data Scientist,$71K - CA$77K,CA$71K,CA$77K,"/Salary/Unity-Health-Toronto-Junior-Data-Scientist-Canada-Salaries-EJI_IE3340751.0,20_KO21,42_IL.43,49_IN3.htm"
351,Boréalis (Canada),Junior Data Scientist,$53K - CA$58K,CA$53K,CA$58K,"/Salary/Borealis-Canada-Junior-Data-Scientist-Canada-Salaries-EJI_IE2467768.0,15_KO16,37_IL.38,44_IN3.htm"
352,"GE Lighting, A Savant Company",Junior Data Scientist - Contractor,$62K - CA$68K,CA$62K,CA$68K,"/Contractors-Salary/GE-Lighting-A-Savant-Company-Canada-Contractor-Salary-EI_IE1359858.0,28_IL.29,35_IN3.htm?filter.jobTitleFTS=Junior+Data+Scientist"
353,Fiddlehead,Junior Data Scientist,$53K - CA$56K,CA$53K,CA$56K,"/Salary/Fiddlehead-Junior-Data-Scientist-Canada-Salaries-EJI_IE2096354.0,10_KO11,32_IL.33,39_IN3.htm"
354,Genworth,Associate Data Scientist - Hourly Contractor,$25 - CA$27hourly,CA$25,CA$27,"/Contractors-Salary/Genworth-Canada-Contractor-Salary-EI_IE34925.0,8_IL.9,15_IN3.htm?filter.jobTitleFTS=Associate+Data+Scientist"
355,Banque Nationale du Canada/National Bank of Canada,Lead Data Scientist,$88K - CA$96K,CA$88K,CA$96K,"/Salary/Banque-Nationale-du-Canada-National-Bank-of-Canada-Lead-Data-Scientist-Canada-Salaries-EJI_IE8010.0,50_KO51,70_IL.71,77_IN3.htm"
356,Orbis Investments,Lead Data Scientist,$141K - CA$153K,CA$141K,CA$153K,"/Salary/Orbis-Investments-Lead-Data-Scientist-Canada-Salaries-EJI_IE426635.0,17_KO18,37_IL.38,44_IN3.htm"
357,2nd Address,Lead Data Scientist,$114K - CA$126K,CA$114K,CA$126K,"/Salary/2nd-Address-Lead-Data-Scientist-Canada-Salaries-EJI_IE1197601.0,11_KO12,31_IL.32,38_IN3.htm"
358,IBM,Data Scientist Intern - Monthly,$5K - CA$5K,CA$5K,CA$5K,"/Intern-Salary/IBM-Canada-Internship-Salary-EI_IE354.0,3_IL.4,10_IN3.htm?filter.jobTitleFTS=Data+Scientist+Intern"
359,Capital One,Data Scientist Intern - Hourly,$23 - CA$25hourly,CA$23,CA$25,"/Intern-Salary/Capital-One-Canada-Internship-Salary-EI_IE3736.0,11_IL.12,18_IN3.htm?filter.jobTitleFTS=Data+Scientist+Intern"
360,Elsevier,Data Scientist II,$106K - CA$113K,CA$106K,CA$113K,"/Salary/Elsevier-Data-Scientist-II-Canada-Salaries-EJI_IE230096.0,8_KO9,26_IL.27,33_IN3.htm"
361,Loblaw Digital,Principal Data Scientist,$140K - CA$151K,CA$140K,CA$151K,"/Salary/Loblaw-Digital-Principal-Data-Scientist-Canada-Salaries-EJI_IE1263777.0,14_KO15,39_IL.40,46_IN3.htm"
362,Intact,Intern data scientist - Hourly,$28 - CA$30hourly,CA$28,CA$30,"/Intern-Salary/Intact-Canada-Internship-Salary-EI_IE329903.0,6_IL.7,13_IN3.htm?filter.jobTitleFTS=Intern+data+scientist"
363,Loblaw Companies,Data Science Analyst,$67K - CA$73K,CA$67K,CA$73K,"/Salary/Loblaw-Companies-Data-Science-Analyst-Canada-Salaries-EJI_IE4141.0,16_KO17,37_IL.38,44_IN3.htm"
364,Canadian Tire,Data Science Analyst,$66K - CA$72K,CA$66K,CA$72K,"/Salary/Canadian-Tire-Data-Science-Analyst-Canada-Salaries-EJI_IE7045.0,13_KO14,34_IL.35,41_IN3.htm"
365,Cirque du Soleil Entertainment Group,Data Science Manager,$95K - CA$105K,CA$95K,CA$105K,"/Salary/Cirque-du-Soleil-Entertainment-Group-Data-Science-Manager-Canada-Salaries-EJI_IE7495.0,36_KO37,57_IL.58,64_IN3.htm"
366,1000ml,Data Science Consultant - Monthly Contractor,$3K - CA$3K,CA$3K,CA$3K,"/Contractors-Salary/1000ml-Canada-Contractor-Salary-EI_IE3030383.0,6_IL.7,13_IN3.htm?filter.jobTitleFTS=Data+Science+Consultant"
367,Avanade,Data Scientist Manager,$125K - CA$135K,CA$125K,CA$135K,"/Salary/Avanade-Data-Scientist-Manager-Canada-Salaries-EJI_IE11701.0,7_KO8,30_IL.31,37_IN3.htm"
368,dunnhumby,Applied Data Scientist,$63K - CA$68K,CA$63K,CA$68K,"/Salary/dunnhumby-Applied-Data-Scientist-Canada-Salaries-EJI_IE195922.0,9_KO10,32_IL.33,39_IN3.htm"
369,Scotiabank,Data Scientist Co-op - Hourly Intern,$29 - CA$31hourly,CA$29,CA$31,"/Intern-Salary/Scotiabank-Canada-Internship-Salary-EI_IE11013.0,10_IL.11,17_IN3.htm?filter.jobTitleFTS=Data+Scientist+Co-op"
370,Scotiabank,Data Scientist Co-op - Hourly Contractor,$38 - CA$42hourly,CA$38,CA$42,"/Contractors-Salary/Scotiabank-Canada-Contractor-Salary-EI_IE11013.0,10_IL.11,17_IN3.htm?filter.jobTitleFTS=Data+Scientist+Co-op"
371,CIBC,Data Scientist Co-op - Intern,$45K - CA$49K,CA$45K,CA$49K,"/Intern-Salary/CIBC-Canada-Internship-Salary-EI_IE3115.0,4_IL.5,11_IN3.htm?filter.jobTitleFTS=Data+Scientist+Co-op"
372,CIBC,Data Scientist Co-op - Hourly Intern,$27 - CA$29hourly,CA$27,CA$29,"/Intern-Salary/CIBC-Canada-Internship-Salary-EI_IE3115.0,4_IL.5,11_IN3.htm?filter.jobTitleFTS=Data+Scientist+Co-op"
373,IBM,Data Scientist Co-op - Hourly Intern,$24 - CA$26hourly,CA$24,CA$26,"/Intern-Salary/IBM-Canada-Internship-Salary-EI_IE354.0,3_IL.4,10_IN3.htm?filter.jobTitleFTS=Data+Scientist+Co-op"
374,KPMG,Data Scientist Co-op - Intern,$47K - CA$51K,CA$47K,CA$51K,"/Intern-Salary/KPMG-Canada-Internship-Salary-EI_IE2867.0,4_IL.5,11_IN3.htm?filter.jobTitleFTS=Data+Scientist+Co-op"
375,Shopify,Data Scientist Co-op,$68K - CA$73K,CA$68K,CA$73K,/Salary/Shopify-Data-Scientist-Co-op-Canada-Salaries-E675933_DAO.htm?filter.jobTitleExact=Data+Scientist+Co-op&selectedLocationString=N%2C3
376,Ontario Ministère des Transports,Data Scientist Co-op,$35K - CA$37K,CA$35K,CA$37K,/Salary/Ontario-Ministere-des-Transports-Data-Scientist-Co-op-Canada-Salaries-E156350_DAO.htm?filter.jobTitleExact=Data+Scientist+Co-op&selectedLocationString=N%2C3
377,Statistics Canada,Data Scientist Co-op - Hourly Contractor,$21 - CA$22hourly,CA$21,CA$22,"/Contractors-Salary/Statistics-Canada-Canada-Contractor-Salary-EI_IE148502.0,17_IL.18,24_IN3.htm?filter.jobTitleFTS=Data+Scientist+Co-op"
378,Unilever,Data Scientist Co-op - Hourly,$21 - CA$23hourly,CA$21,CA$23,/Hourly-Pay/Unilever-Data-Scientist-Co-op-Canada-Hourly-Pay-E3513_DAO.htm?filter.jobTitleExact=Data+Scientist+Co-op&selectedLocationString=N%2C3
379,BioWare,Data Scientist Co-op - Intern,$46K - CA$50K,CA$46K,CA$50K,"/Intern-Salary/BioWare-Canada-Internship-Salary-EI_IE22998.0,7_IL.8,14_IN3.htm?filter.jobTitleFTS=Data+Scientist+Co-op"
380,FGF Brands,Data Scientist Co-op - Hourly Intern,$20 - CA$22hourly,CA$20,CA$22,"/Intern-Salary/FGF-Brands-Canada-Internship-Salary-EI_IE700647.0,10_IL.11,17_IN3.htm?filter.jobTitleFTS=Data+Scientist+Co-op"
381,Precima,Data Scientist Co-op - Hourly Intern,$31 - CA$33hourly,CA$31,CA$33,"/Intern-Salary/Precima-Canada-Internship-Salary-EI_IE1140584.0,7_IL.8,14_IN3.htm?filter.jobTitleFTS=Data+Scientist+Co-op"
382,Ayogo Health,Data Scientist Co-op - Monthly Intern,$4K - CA$4K,CA$4K,CA$4K,"/Intern-Salary/Ayogo-Health-Canada-Internship-Salary-EI_IE942024.0,12_IL.13,19_IN3.htm?filter.jobTitleFTS=Data+Scientist+Co-op"
383,Samplits,Data Scientist Co-op - Monthly Intern,$888 - CA$950,CA$888,CA$950,"/Intern-Salary/Samplits-Canada-Internship-Salary-EI_IE2130029.0,8_IL.9,15_IN3.htm?filter.jobTitleFTS=Data+Scientist+Co-op"
384,Buyavette,Data Scientist Co-op - Hourly,$21 - CA$23hourly,CA$21,CA$23,/Hourly-Pay/Buyavette-Data-Scientist-Co-op-Canada-Hourly-Pay-E1310856_DAO.htm?filter.jobTitleExact=Data+Scientist+Co-op&selectedLocationString=N%2C3
385,IATA,Head of Data Science,$173K - CA$183K,CA$173K,CA$183K,"/Salary/IATA-Head-of-Data-Science-Canada-Salaries-EJI_IE142523.0,4_KO5,25_IL.26,32_IN3.htm"
386,IBM,Data Scientist/Software Engineer - Hourly Intern,$25 - CA$28hourly,CA$25,CA$28,"/Intern-Salary/IBM-Canada-Internship-Salary-EI_IE354.0,3_IL.4,10_IN3.htm?filter.jobTitleFTS=Data+Scientist%2FSoftware+Engineer"
387,RBC,Data Scientist Coop,$52K - CA$56K,CA$52K,CA$56K,"/Salary/RBC-Data-Scientist-Coop-Canada-Salaries-EJI_IE3358.0,3_KO4,23_IL.24,30_IN3.htm"
388,RBC,Data Scientist Coop - Hourly Intern,$25 - CA$26hourly,CA$25,CA$26,"/Intern-Salary/RBC-Canada-Internship-Salary-EI_IE3358.0,3_IL.4,10_IN3.htm?filter.jobTitleFTS=Data+Scientist+Coop"
389,RBC,Data Scientist Coop - Intern,$52K - CA$57K,CA$52K,CA$57K,"/Intern-Salary/RBC-Canada-Internship-Salary-EI_IE3358.0,3_IL.4,10_IN3.htm?filter.jobTitleFTS=Data+Scientist+Coop"
390,Scotiabank,Data Scientist Coop - Intern,$79K - CA$85K,CA$79K,CA$85K,"/Intern-Salary/Scotiabank-Canada-Internship-Salary-EI_IE11013.0,10_IL.11,17_IN3.htm?filter.jobTitleFTS=Data+Scientist+Coop"
391,CIBC,Data Scientist Coop,$46K - CA$50K,CA$46K,CA$50K,"/Salary/CIBC-Data-Scientist-Coop-Canada-Salaries-EJI_IE3115.0,4_KO5,24_IL.25,31_IN3.htm"
392,University of Victoria,Data Scientist Coop,$38K - CA$41K,CA$38K,CA$41K,"/Salary/University-of-Victoria-Data-Scientist-Coop-Canada-Salaries-EJI_IE146432.0,22_KO23,42_IL.43,49_IN3.htm"
393,Fraser Health,Data Scientist Coop - Hourly,$20 - CA$22hourly,CA$20,CA$22,"/Hourly-Pay/Fraser-Health-Data-Scientist-Coop-Canada-Hourly-Pay-EJI_IE248782.0,13_KO14,33_IL.34,40_IN3.htm"
394,Athabasca University,Manager - Data Science,$97K - CA$105K,CA$97K,CA$105K,/Salary/Athabasca-University-Manager-Data-Science-Canada-Salaries-E471233_DAO.htm?filter.jobTitleExact=Manager+-+Data+Science&selectedLocationString=N%2C3
395,Athabasca University,Manager - Data Science,$96K - CA$105K,CA$96K,CA$105K,/Salary/Athabasca-University-Manager-Data-Science-Canada-Salaries-E471233_DAO.htm?filter.jobTitleExact=Manager+-+Data+Science&selectedLocationString=N%2C3
396,Major cannabis company,Manager - Data Science,$91K - CA$98K,CA$91K,CA$98K,/Salary/Major-cannabis-company-Manager-Data-Science-Canada-Salaries-E3519586_DAO.htm?filter.jobTitleExact=Manager+-+Data+Science&selectedLocationString=N%2C3
397,goeasy,Sr Manager Data Science,$129K - CA$140K,CA$129K,CA$140K,"/Salary/goeasy-Sr-Manager-Data-Science-Canada-Salaries-EJI_IE19965.0,6_KO7,30_IL.31,37_IN3.htm"
398,EMAGIN Clean Technologies,Data Science Lead - Hourly,$48 - CA$52hourly,CA$48,CA$52,"/Hourly-Pay/EMAGIN-Clean-Technologies-Data-Science-Lead-Canada-Hourly-Pay-EJI_IE2347094.0,25_KO26,43_IL.44,50_IN3.htm"
399,Capital One,Senior Associate Data Science,$85K - CA$91K,CA$85K,CA$91K,"/Salary/Capital-One-Senior-Associate-Data-Science-Canada-Salaries-EJI_IE3736.0,11_KO12,41_IL.42,48_IN3.htm"
400,Softchoice,Data Science and Analytics - Intern,$45K - CA$49K,CA$45K,CA$49K,"/Intern-Salary/Softchoice-Canada-Internship-Salary-EI_IE23804.0,10_IL.11,17_IN3.htm?filter.jobTitleFTS=Data+Science+and+Analytics"
